--------------------------------------------------------
-- Archivo creado  - martes-marzo-17-2020   
--------------------------------------------------------
--------------------------------------------------------
--  DDL for Sequence ALTERNATIVA_ALT_CODIGO_SEQ
--------------------------------------------------------

   CREATE SEQUENCE  "EVALUACIONES"."ALTERNATIVA_ALT_CODIGO_SEQ"  MINVALUE 1 MAXVALUE 9999999999999999999999999999 INCREMENT BY 1 START WITH 81 NOCACHE  ORDER  NOCYCLE ;
--------------------------------------------------------
--  DDL for Sequence ALUMNO_ALUMNO_CODIGO_SEQ
--------------------------------------------------------

   CREATE SEQUENCE  "EVALUACIONES"."ALUMNO_ALUMNO_CODIGO_SEQ"  MINVALUE 1 MAXVALUE 9999999999999999999999999999 INCREMENT BY 1 START WITH 21 NOCACHE  ORDER  NOCYCLE ;
--------------------------------------------------------
--  DDL for Sequence CURSO_CURSO_CODIGO_SEQ
--------------------------------------------------------

   CREATE SEQUENCE  "EVALUACIONES"."CURSO_CURSO_CODIGO_SEQ"  MINVALUE 1 MAXVALUE 9999999999999999999999999999 INCREMENT BY 1 START WITH 5 NOCACHE  ORDER  NOCYCLE ;
--------------------------------------------------------
--  DDL for Sequence PREGUNTA_PREG_CODIGO_SEQ
--------------------------------------------------------

   CREATE SEQUENCE  "EVALUACIONES"."PREGUNTA_PREG_CODIGO_SEQ"  MINVALUE 1 MAXVALUE 9999999999999999999999999999 INCREMENT BY 1 START WITH 20 NOCACHE  ORDER  NOCYCLE ;
--------------------------------------------------------
--  DDL for Sequence TEST_TEST_CODIGO_SEQ
--------------------------------------------------------

   CREATE SEQUENCE  "EVALUACIONES"."TEST_TEST_CODIGO_SEQ"  MINVALUE 1 MAXVALUE 9999999999999999999999999999 INCREMENT BY 1 START WITH 3 NOCACHE  ORDER  NOCYCLE ;
--------------------------------------------------------
--  DDL for Table ALTERNATIVA
--------------------------------------------------------

  CREATE TABLE "EVALUACIONES"."ALTERNATIVA" 
   (	"ALT_CODIGO" NUMBER(*,0), 
	"ALT_DESCRIPCION" VARCHAR2(100 BYTE), 
	"ALT_VALOR_LOGICO" CHAR(1 BYTE), 
	"ALT_PORCENTAJE" NUMBER(*,0)
   ) SEGMENT CREATION IMMEDIATE 
  PCTFREE 10 PCTUSED 40 INITRANS 1 MAXTRANS 255 NOCOMPRESS LOGGING
  STORAGE(INITIAL 65536 NEXT 1048576 MINEXTENTS 1 MAXEXTENTS 2147483645
  PCTINCREASE 0 FREELISTS 1 FREELIST GROUPS 1 BUFFER_POOL DEFAULT FLASH_CACHE DEFAULT CELL_FLASH_CACHE DEFAULT)
  TABLESPACE "SYSTEM" ;

   COMMENT ON COLUMN "EVALUACIONES"."ALTERNATIVA"."ALT_VALOR_LOGICO" IS ' valor lógico que señala si es o no una respuesta correcta';
   COMMENT ON COLUMN "EVALUACIONES"."ALTERNATIVA"."ALT_PORCENTAJE" IS 'si es correcta, asigna porcentaje, sino no 0';
--------------------------------------------------------
--  DDL for Table ALUMNO
--------------------------------------------------------

  CREATE TABLE "EVALUACIONES"."ALUMNO" 
   (	"ALUMNO_CODIGO" NUMBER(*,0), 
	"ALUMNO_RUT" VARCHAR2(10 BYTE), 
	"ALUMNO_NOMBRE" VARCHAR2(50 BYTE), 
	"ALUMNO_APELLIDOS" VARCHAR2(100 BYTE), 
	"ALUMNO_DIRECCION" VARCHAR2(100 BYTE), 
	"ALUMNO_CIUDAD" VARCHAR2(50 BYTE), 
	"ALUMNO_TELEFONO" NUMBER(*,0), 
	"ALUMNO_EV_VERDADERO" CHAR(1 BYTE), 
	"CURSO_CURSO_CODIGO" NUMBER(*,0)
   ) SEGMENT CREATION IMMEDIATE 
  PCTFREE 10 PCTUSED 40 INITRANS 1 MAXTRANS 255 NOCOMPRESS LOGGING
  STORAGE(INITIAL 65536 NEXT 1048576 MINEXTENTS 1 MAXEXTENTS 2147483645
  PCTINCREASE 0 FREELISTS 1 FREELIST GROUPS 1 BUFFER_POOL DEFAULT FLASH_CACHE DEFAULT CELL_FLASH_CACHE DEFAULT)
  TABLESPACE "SYSTEM" ;

   COMMENT ON COLUMN "EVALUACIONES"."ALUMNO"."ALUMNO_RUT" IS 'rut con digito
xxxxxxxx-x';
   COMMENT ON COLUMN "EVALUACIONES"."ALUMNO"."ALUMNO_EV_VERDADERO" IS 'boolean con 1 o valor ''si'' para saber si hizo la evaluacion,
0 o ''no'' para no hizo la evaluacion';
--------------------------------------------------------
--  DDL for Table CURSO
--------------------------------------------------------

  CREATE TABLE "EVALUACIONES"."CURSO" 
   (	"CURSO_CODIGO" NUMBER(*,0), 
	"CURSO_NOMBRE" VARCHAR2(50 BYTE)
   ) SEGMENT CREATION IMMEDIATE 
  PCTFREE 10 PCTUSED 40 INITRANS 1 MAXTRANS 255 NOCOMPRESS LOGGING
  STORAGE(INITIAL 65536 NEXT 1048576 MINEXTENTS 1 MAXEXTENTS 2147483645
  PCTINCREASE 0 FREELISTS 1 FREELIST GROUPS 1 BUFFER_POOL DEFAULT FLASH_CACHE DEFAULT CELL_FLASH_CACHE DEFAULT)
  TABLESPACE "SYSTEM" ;
--------------------------------------------------------
--  DDL for Table DETALLE_EVALUACION
--------------------------------------------------------

  CREATE TABLE "EVALUACIONES"."DETALLE_EVALUACION" 
   (	"ALUMNO_CODIGO" NUMBER(*,0), 
	"TEST_CODIGO" NUMBER(*,0), 
	"PREG_CODIGO" NUMBER(*,0), 
	"ALT_CODIGO" NUMBER(*,0), 
	"VALOR_PUNTAJE" NUMBER(*,0)
   ) SEGMENT CREATION IMMEDIATE 
  PCTFREE 10 PCTUSED 40 INITRANS 1 MAXTRANS 255 NOCOMPRESS LOGGING
  STORAGE(INITIAL 65536 NEXT 1048576 MINEXTENTS 1 MAXEXTENTS 2147483645
  PCTINCREASE 0 FREELISTS 1 FREELIST GROUPS 1 BUFFER_POOL DEFAULT FLASH_CACHE DEFAULT CELL_FLASH_CACHE DEFAULT)
  TABLESPACE "SYSTEM" ;

   COMMENT ON COLUMN "EVALUACIONES"."DETALLE_EVALUACION"."PREG_CODIGO" IS 'foranea';
   COMMENT ON COLUMN "EVALUACIONES"."DETALLE_EVALUACION"."ALT_CODIGO" IS 'foranea';
   COMMENT ON COLUMN "EVALUACIONES"."DETALLE_EVALUACION"."VALOR_PUNTAJE" IS 'cuanto es el puntaje de la respuesta';
--------------------------------------------------------
--  DDL for Table EVALUACION
--------------------------------------------------------

  CREATE TABLE "EVALUACIONES"."EVALUACION" 
   (	"ALUMNO_ALUMNO_CODIGO" NUMBER(*,0), 
	"TEST_TEST_CODIGO" NUMBER(*,0), 
	"EV_ALUMNO_PUNTAJE" NUMBER(*,0), 
	"EV_ALUMNO_PUNTAJE_N" NUMBER(2,1), 
	"EV_OBSERVACION" VARCHAR2(100 BYTE)
   ) SEGMENT CREATION IMMEDIATE 
  PCTFREE 10 PCTUSED 40 INITRANS 1 MAXTRANS 255 NOCOMPRESS LOGGING
  STORAGE(INITIAL 65536 NEXT 1048576 MINEXTENTS 1 MAXEXTENTS 2147483645
  PCTINCREASE 0 FREELISTS 1 FREELIST GROUPS 1 BUFFER_POOL DEFAULT FLASH_CACHE DEFAULT CELL_FLASH_CACHE DEFAULT)
  TABLESPACE "SYSTEM" ;

   COMMENT ON COLUMN "EVALUACIONES"."EVALUACION"."EV_ALUMNO_PUNTAJE" IS 'puntaje de alumno por evaluacion';
--------------------------------------------------------
--  DDL for Table PREG_RESPUESTA
--------------------------------------------------------

  CREATE TABLE "EVALUACIONES"."PREG_RESPUESTA" 
   (	"PREGUNTA_PREG_CODIGO" NUMBER(*,0), 
	"ALTERNATIVA_ALT_CODIGO" NUMBER(*,0)
   ) SEGMENT CREATION IMMEDIATE 
  PCTFREE 10 PCTUSED 40 INITRANS 1 MAXTRANS 255 NOCOMPRESS LOGGING
  STORAGE(INITIAL 65536 NEXT 1048576 MINEXTENTS 1 MAXEXTENTS 2147483645
  PCTINCREASE 0 FREELISTS 1 FREELIST GROUPS 1 BUFFER_POOL DEFAULT FLASH_CACHE DEFAULT CELL_FLASH_CACHE DEFAULT)
  TABLESPACE "SYSTEM" ;
--------------------------------------------------------
--  DDL for Table PREGUNTA
--------------------------------------------------------

  CREATE TABLE "EVALUACIONES"."PREGUNTA" 
   (	"PREG_CODIGO" NUMBER(*,0), 
	"PREG_ENUNCIADO" VARCHAR2(100 BYTE), 
	"PREG_PUNTAJE_ASOCIADO" NUMBER(*,0)
   ) SEGMENT CREATION IMMEDIATE 
  PCTFREE 10 PCTUSED 40 INITRANS 1 MAXTRANS 255 NOCOMPRESS LOGGING
  STORAGE(INITIAL 65536 NEXT 1048576 MINEXTENTS 1 MAXEXTENTS 2147483645
  PCTINCREASE 0 FREELISTS 1 FREELIST GROUPS 1 BUFFER_POOL DEFAULT FLASH_CACHE DEFAULT CELL_FLASH_CACHE DEFAULT)
  TABLESPACE "SYSTEM" ;

   COMMENT ON COLUMN "EVALUACIONES"."PREGUNTA"."PREG_PUNTAJE_ASOCIADO" IS 'puntaje asociado  a la pregunta';
--------------------------------------------------------
--  DDL for Table TEST
--------------------------------------------------------

  CREATE TABLE "EVALUACIONES"."TEST" 
   (	"TEST_CODIGO" NUMBER(*,0), 
	"TEST_NOMBRE" VARCHAR2(50 BYTE), 
	"TEST_DESCRIPCION" VARCHAR2(100 BYTE), 
	"TEST_PROGRAMA" VARCHAR2(50 BYTE), 
	"TEST_UNIDAD" VARCHAR2(50 BYTE), 
	"TEST_AUTOR" VARCHAR2(50 BYTE), 
	"TEST_FECHA_CREACION" DATE
   ) SEGMENT CREATION IMMEDIATE 
  PCTFREE 10 PCTUSED 40 INITRANS 1 MAXTRANS 255 NOCOMPRESS LOGGING
  STORAGE(INITIAL 65536 NEXT 1048576 MINEXTENTS 1 MAXEXTENTS 2147483645
  PCTINCREASE 0 FREELISTS 1 FREELIST GROUPS 1 BUFFER_POOL DEFAULT FLASH_CACHE DEFAULT CELL_FLASH_CACHE DEFAULT)
  TABLESPACE "SYSTEM" ;
--------------------------------------------------------
--  DDL for Table TEST_PREGUNTA
--------------------------------------------------------

  CREATE TABLE "EVALUACIONES"."TEST_PREGUNTA" 
   (	"TEST_TEST_CODIGO" NUMBER(*,0), 
	"PREGUNTA_PREG_CODIGO" NUMBER(*,0)
   ) SEGMENT CREATION IMMEDIATE 
  PCTFREE 10 PCTUSED 40 INITRANS 1 MAXTRANS 255 NOCOMPRESS LOGGING
  STORAGE(INITIAL 65536 NEXT 1048576 MINEXTENTS 1 MAXEXTENTS 2147483645
  PCTINCREASE 0 FREELISTS 1 FREELIST GROUPS 1 BUFFER_POOL DEFAULT FLASH_CACHE DEFAULT CELL_FLASH_CACHE DEFAULT)
  TABLESPACE "SYSTEM" ;
REM INSERTING into EVALUACIONES.ALTERNATIVA
SET DEFINE OFF;
Insert into EVALUACIONES.ALTERNATIVA (ALT_CODIGO,ALT_DESCRIPCION,ALT_VALOR_LOGICO,ALT_PORCENTAJE) values ('1','final','1','50');
Insert into EVALUACIONES.ALTERNATIVA (ALT_CODIGO,ALT_DESCRIPCION,ALT_VALOR_LOGICO,ALT_PORCENTAJE) values ('2','2ndLevel','0','0');
Insert into EVALUACIONES.ALTERNATIVA (ALT_CODIGO,ALT_DESCRIPCION,ALT_VALOR_LOGICO,ALT_PORCENTAJE) values ('3','level2','0','0');
Insert into EVALUACIONES.ALTERNATIVA (ALT_CODIGO,ALT_DESCRIPCION,ALT_VALOR_LOGICO,ALT_PORCENTAJE) values ('4','hook&ladder','1','50');
Insert into EVALUACIONES.ALTERNATIVA (ALT_CODIGO,ALT_DESCRIPCION,ALT_VALOR_LOGICO,ALT_PORCENTAJE) values ('5','El valor de un atributo final no puede ser cambiado','1','25');
Insert into EVALUACIONES.ALTERNATIVA (ALT_CODIGO,ALT_DESCRIPCION,ALT_VALOR_LOGICO,ALT_PORCENTAJE) values ('6','Una clase fínal no puede ser heredada','1','25');
Insert into EVALUACIONES.ALTERNATIVA (ALT_CODIGO,ALT_DESCRIPCION,ALT_VALOR_LOGICO,ALT_PORCENTAJE) values ('7','Un método final no puede ser sobrecargado','1','25');
Insert into EVALUACIONES.ALTERNATIVA (ALT_CODIGO,ALT_DESCRIPCION,ALT_VALOR_LOGICO,ALT_PORCENTAJE) values ('8','Un objeto final no puede ser reasignado a una nueva dirección en memoria','1','25');
Insert into EVALUACIONES.ALTERNATIVA (ALT_CODIGO,ALT_DESCRIPCION,ALT_VALOR_LOGICO,ALT_PORCENTAJE) values ('9','Test t = new Test();','0','0');
Insert into EVALUACIONES.ALTERNATIVA (ALT_CODIGO,ALT_DESCRIPCION,ALT_VALOR_LOGICO,ALT_PORCENTAJE) values ('10','Test t = new Test(1);','1','50');
Insert into EVALUACIONES.ALTERNATIVA (ALT_CODIGO,ALT_DESCRIPCION,ALT_VALOR_LOGICO,ALT_PORCENTAJE) values ('11','Test t = new Test(1,2);','1','50');
Insert into EVALUACIONES.ALTERNATIVA (ALT_CODIGO,ALT_DESCRIPCION,ALT_VALOR_LOGICO,ALT_PORCENTAJE) values ('12','Test t = (new Base()).new Test(1);','0','0');
Insert into EVALUACIONES.ALTERNATIVA (ALT_CODIGO,ALT_DESCRIPCION,ALT_VALOR_LOGICO,ALT_PORCENTAJE) values ('13','Mascota laMascota;','0','0');
Insert into EVALUACIONES.ALTERNATIVA (ALT_CODIGO,ALT_DESCRIPCION,ALT_VALOR_LOGICO,ALT_PORCENTAJE) values ('14','Gato elGato;','0','0');
Insert into EVALUACIONES.ALTERNATIVA (ALT_CODIGO,ALT_DESCRIPCION,ALT_VALOR_LOGICO,ALT_PORCENTAJE) values ('15','boolean castrado;','1','50');
Insert into EVALUACIONES.ALTERNATIVA (ALT_CODIGO,ALT_DESCRIPCION,ALT_VALOR_LOGICO,ALT_PORCENTAJE) values ('16','String caracteristicas;','1','50');
Insert into EVALUACIONES.ALTERNATIVA (ALT_CODIGO,ALT_DESCRIPCION,ALT_VALOR_LOGICO,ALT_PORCENTAJE) values ('17','Apple','0','0');
Insert into EVALUACIONES.ALTERNATIVA (ALT_CODIGO,ALT_DESCRIPCION,ALT_VALOR_LOGICO,ALT_PORCENTAJE) values ('18','Linux','1','50');
Insert into EVALUACIONES.ALTERNATIVA (ALT_CODIGO,ALT_DESCRIPCION,ALT_VALOR_LOGICO,ALT_PORCENTAJE) values ('19','Google','0','0');
Insert into EVALUACIONES.ALTERNATIVA (ALT_CODIGO,ALT_DESCRIPCION,ALT_VALOR_LOGICO,ALT_PORCENTAJE) values ('20','Windows','1','50');
Insert into EVALUACIONES.ALTERNATIVA (ALT_CODIGO,ALT_DESCRIPCION,ALT_VALOR_LOGICO,ALT_PORCENTAJE) values ('21','personales','1','50');
Insert into EVALUACIONES.ALTERNATIVA (ALT_CODIGO,ALT_DESCRIPCION,ALT_VALOR_LOGICO,ALT_PORCENTAJE) values ('22','posesivos','1','50');
Insert into EVALUACIONES.ALTERNATIVA (ALT_CODIGO,ALT_DESCRIPCION,ALT_VALOR_LOGICO,ALT_PORCENTAJE) values ('23','derivativos','0','0');
Insert into EVALUACIONES.ALTERNATIVA (ALT_CODIGO,ALT_DESCRIPCION,ALT_VALOR_LOGICO,ALT_PORCENTAJE) values ('24','subordinados','0','0');
Insert into EVALUACIONES.ALTERNATIVA (ALT_CODIGO,ALT_DESCRIPCION,ALT_VALOR_LOGICO,ALT_PORCENTAJE) values ('25','Disco Duro','1','50');
Insert into EVALUACIONES.ALTERNATIVA (ALT_CODIGO,ALT_DESCRIPCION,ALT_VALOR_LOGICO,ALT_PORCENTAJE) values ('26','Placa Madre','1','50');
Insert into EVALUACIONES.ALTERNATIVA (ALT_CODIGO,ALT_DESCRIPCION,ALT_VALOR_LOGICO,ALT_PORCENTAJE) values ('27','Contraseña','0','0');
Insert into EVALUACIONES.ALTERNATIVA (ALT_CODIGO,ALT_DESCRIPCION,ALT_VALOR_LOGICO,ALT_PORCENTAJE) values ('28','Conexion a internet','0','0');
Insert into EVALUACIONES.ALTERNATIVA (ALT_CODIGO,ALT_DESCRIPCION,ALT_VALOR_LOGICO,ALT_PORCENTAJE) values ('29','América','0','0');
Insert into EVALUACIONES.ALTERNATIVA (ALT_CODIGO,ALT_DESCRIPCION,ALT_VALOR_LOGICO,ALT_PORCENTAJE) values ('30','Europa','0','0');
Insert into EVALUACIONES.ALTERNATIVA (ALT_CODIGO,ALT_DESCRIPCION,ALT_VALOR_LOGICO,ALT_PORCENTAJE) values ('31','Antártida','1','50');
Insert into EVALUACIONES.ALTERNATIVA (ALT_CODIGO,ALT_DESCRIPCION,ALT_VALOR_LOGICO,ALT_PORCENTAJE) values ('32','Oceanía','1','50');
Insert into EVALUACIONES.ALTERNATIVA (ALT_CODIGO,ALT_DESCRIPCION,ALT_VALOR_LOGICO,ALT_PORCENTAJE) values ('33','Yarda','1','25');
Insert into EVALUACIONES.ALTERNATIVA (ALT_CODIGO,ALT_DESCRIPCION,ALT_VALOR_LOGICO,ALT_PORCENTAJE) values ('34','Pulgada','1','25');
Insert into EVALUACIONES.ALTERNATIVA (ALT_CODIGO,ALT_DESCRIPCION,ALT_VALOR_LOGICO,ALT_PORCENTAJE) values ('35','Metro','1','25');
Insert into EVALUACIONES.ALTERNATIVA (ALT_CODIGO,ALT_DESCRIPCION,ALT_VALOR_LOGICO,ALT_PORCENTAJE) values ('36','Kilometro','1','25');
Insert into EVALUACIONES.ALTERNATIVA (ALT_CODIGO,ALT_DESCRIPCION,ALT_VALOR_LOGICO,ALT_PORCENTAJE) values ('37','Es lo mismo que un cubo','1','25');
Insert into EVALUACIONES.ALTERNATIVA (ALT_CODIGO,ALT_DESCRIPCION,ALT_VALOR_LOGICO,ALT_PORCENTAJE) values ('38','Es una figura bidimensional','1','25');
Insert into EVALUACIONES.ALTERNATIVA (ALT_CODIGO,ALT_DESCRIPCION,ALT_VALOR_LOGICO,ALT_PORCENTAJE) values ('39','Tiene angulos en 90 grados','1','25');
Insert into EVALUACIONES.ALTERNATIVA (ALT_CODIGO,ALT_DESCRIPCION,ALT_VALOR_LOGICO,ALT_PORCENTAJE) values ('40','Todos sus lados son de la misma logitud','1','25');
Insert into EVALUACIONES.ALTERNATIVA (ALT_CODIGO,ALT_DESCRIPCION,ALT_VALOR_LOGICO,ALT_PORCENTAJE) values ('41','Producto de la experiencia','1','25');
Insert into EVALUACIONES.ALTERNATIVA (ALT_CODIGO,ALT_DESCRIPCION,ALT_VALOR_LOGICO,ALT_PORCENTAJE) values ('42','Estudio de mercados','1','25');
Insert into EVALUACIONES.ALTERNATIVA (ALT_CODIGO,ALT_DESCRIPCION,ALT_VALOR_LOGICO,ALT_PORCENTAJE) values ('43','Necesidades propias','1','25');
Insert into EVALUACIONES.ALTERNATIVA (ALT_CODIGO,ALT_DESCRIPCION,ALT_VALOR_LOGICO,ALT_PORCENTAJE) values ('44','Del estudio de especialistas','1','25');
Insert into EVALUACIONES.ALTERNATIVA (ALT_CODIGO,ALT_DESCRIPCION,ALT_VALOR_LOGICO,ALT_PORCENTAJE) values ('45','Iniciación (idea)','1','25');
Insert into EVALUACIONES.ALTERNATIVA (ALT_CODIGO,ALT_DESCRIPCION,ALT_VALOR_LOGICO,ALT_PORCENTAJE) values ('46','Planificación','1','25');
Insert into EVALUACIONES.ALTERNATIVA (ALT_CODIGO,ALT_DESCRIPCION,ALT_VALOR_LOGICO,ALT_PORCENTAJE) values ('47','Ejecución','1','25');
Insert into EVALUACIONES.ALTERNATIVA (ALT_CODIGO,ALT_DESCRIPCION,ALT_VALOR_LOGICO,ALT_PORCENTAJE) values ('48','Cierre','1','25');
Insert into EVALUACIONES.ALTERNATIVA (ALT_CODIGO,ALT_DESCRIPCION,ALT_VALOR_LOGICO,ALT_PORCENTAJE) values ('49','Determinar los costos que se incurrirán al desarrollo del proyecto','1','50');
Insert into EVALUACIONES.ALTERNATIVA (ALT_CODIGO,ALT_DESCRIPCION,ALT_VALOR_LOGICO,ALT_PORCENTAJE) values ('50','Determinar los objetivos','0','0');
Insert into EVALUACIONES.ALTERNATIVA (ALT_CODIGO,ALT_DESCRIPCION,ALT_VALOR_LOGICO,ALT_PORCENTAJE) values ('51','Determinar Los recursos materiales','1','50');
Insert into EVALUACIONES.ALTERNATIVA (ALT_CODIGO,ALT_DESCRIPCION,ALT_VALOR_LOGICO,ALT_PORCENTAJE) values ('52','Determinar las soluciones','0','0');
Insert into EVALUACIONES.ALTERNATIVA (ALT_CODIGO,ALT_DESCRIPCION,ALT_VALOR_LOGICO,ALT_PORCENTAJE) values ('53','Los directores del proyecto','1','50');
Insert into EVALUACIONES.ALTERNATIVA (ALT_CODIGO,ALT_DESCRIPCION,ALT_VALOR_LOGICO,ALT_PORCENTAJE) values ('54','Los Proveedores','0','0');
Insert into EVALUACIONES.ALTERNATIVA (ALT_CODIGO,ALT_DESCRIPCION,ALT_VALOR_LOGICO,ALT_PORCENTAJE) values ('55','Los empleados','0','0');
Insert into EVALUACIONES.ALTERNATIVA (ALT_CODIGO,ALT_DESCRIPCION,ALT_VALOR_LOGICO,ALT_PORCENTAJE) values ('56','Los clientes','1','50');
Insert into EVALUACIONES.ALTERNATIVA (ALT_CODIGO,ALT_DESCRIPCION,ALT_VALOR_LOGICO,ALT_PORCENTAJE) values ('57','Proyecto público o Social','1','25');
Insert into EVALUACIONES.ALTERNATIVA (ALT_CODIGO,ALT_DESCRIPCION,ALT_VALOR_LOGICO,ALT_PORCENTAJE) values ('58','Proyecto Económico','1','25');
Insert into EVALUACIONES.ALTERNATIVA (ALT_CODIGO,ALT_DESCRIPCION,ALT_VALOR_LOGICO,ALT_PORCENTAJE) values ('59','Proyecto Tecnológico','1','25');
Insert into EVALUACIONES.ALTERNATIVA (ALT_CODIGO,ALT_DESCRIPCION,ALT_VALOR_LOGICO,ALT_PORCENTAJE) values ('60','Proyecto de Software','1','25');
Insert into EVALUACIONES.ALTERNATIVA (ALT_CODIGO,ALT_DESCRIPCION,ALT_VALOR_LOGICO,ALT_PORCENTAJE) values ('61','El estudio del mercado','1','25');
Insert into EVALUACIONES.ALTERNATIVA (ALT_CODIGO,ALT_DESCRIPCION,ALT_VALOR_LOGICO,ALT_PORCENTAJE) values ('62','El estudio técnico','1','25');
Insert into EVALUACIONES.ALTERNATIVA (ALT_CODIGO,ALT_DESCRIPCION,ALT_VALOR_LOGICO,ALT_PORCENTAJE) values ('63','El estudio del financiero','1','25');
Insert into EVALUACIONES.ALTERNATIVA (ALT_CODIGO,ALT_DESCRIPCION,ALT_VALOR_LOGICO,ALT_PORCENTAJE) values ('64','El estudio de organización','1','25');
Insert into EVALUACIONES.ALTERNATIVA (ALT_CODIGO,ALT_DESCRIPCION,ALT_VALOR_LOGICO,ALT_PORCENTAJE) values ('65','Caso de negocio','1','25');
Insert into EVALUACIONES.ALTERNATIVA (ALT_CODIGO,ALT_DESCRIPCION,ALT_VALOR_LOGICO,ALT_PORCENTAJE) values ('66','Justificación del Proyecto','1','25');
Insert into EVALUACIONES.ALTERNATIVA (ALT_CODIGO,ALT_DESCRIPCION,ALT_VALOR_LOGICO,ALT_PORCENTAJE) values ('67','Cronograma de Hitos','1','25');
Insert into EVALUACIONES.ALTERNATIVA (ALT_CODIGO,ALT_DESCRIPCION,ALT_VALOR_LOGICO,ALT_PORCENTAJE) values ('68','Presupuesto del Proyecto','1','25');
Insert into EVALUACIONES.ALTERNATIVA (ALT_CODIGO,ALT_DESCRIPCION,ALT_VALOR_LOGICO,ALT_PORCENTAJE) values ('69','Elaborar el EAP','1','50');
Insert into EVALUACIONES.ALTERNATIVA (ALT_CODIGO,ALT_DESCRIPCION,ALT_VALOR_LOGICO,ALT_PORCENTAJE) values ('70','Análisis de objetivos','0','0');
Insert into EVALUACIONES.ALTERNATIVA (ALT_CODIGO,ALT_DESCRIPCION,ALT_VALOR_LOGICO,ALT_PORCENTAJE) values ('71','Análisis del problema','0','0');
Insert into EVALUACIONES.ALTERNATIVA (ALT_CODIGO,ALT_DESCRIPCION,ALT_VALOR_LOGICO,ALT_PORCENTAJE) values ('72','Elaborar la MMLe ','1','50');
Insert into EVALUACIONES.ALTERNATIVA (ALT_CODIGO,ALT_DESCRIPCION,ALT_VALOR_LOGICO,ALT_PORCENTAJE) values ('73','Indicadores de fin y de propósito','1','50');
Insert into EVALUACIONES.ALTERNATIVA (ALT_CODIGO,ALT_DESCRIPCION,ALT_VALOR_LOGICO,ALT_PORCENTAJE) values ('74','Indicadores de supuesto','0','0');
Insert into EVALUACIONES.ALTERNATIVA (ALT_CODIGO,ALT_DESCRIPCION,ALT_VALOR_LOGICO,ALT_PORCENTAJE) values ('75','Indicadores de las salidas','0','0');
Insert into EVALUACIONES.ALTERNATIVA (ALT_CODIGO,ALT_DESCRIPCION,ALT_VALOR_LOGICO,ALT_PORCENTAJE) values ('76','Indicadores de actividades','1','50');
Insert into EVALUACIONES.ALTERNATIVA (ALT_CODIGO,ALT_DESCRIPCION,ALT_VALOR_LOGICO,ALT_PORCENTAJE) values ('77','Fin','1','50');
Insert into EVALUACIONES.ALTERNATIVA (ALT_CODIGO,ALT_DESCRIPCION,ALT_VALOR_LOGICO,ALT_PORCENTAJE) values ('78','Actividades','0','0');
Insert into EVALUACIONES.ALTERNATIVA (ALT_CODIGO,ALT_DESCRIPCION,ALT_VALOR_LOGICO,ALT_PORCENTAJE) values ('79','Supuestos','1','50');
Insert into EVALUACIONES.ALTERNATIVA (ALT_CODIGO,ALT_DESCRIPCION,ALT_VALOR_LOGICO,ALT_PORCENTAJE) values ('80','Propósito','0','0');
REM INSERTING into EVALUACIONES.ALUMNO
SET DEFINE OFF;
Insert into EVALUACIONES.ALUMNO (ALUMNO_CODIGO,ALUMNO_RUT,ALUMNO_NOMBRE,ALUMNO_APELLIDOS,ALUMNO_DIRECCION,ALUMNO_CIUDAD,ALUMNO_TELEFONO,ALUMNO_EV_VERDADERO,CURSO_CURSO_CODIGO) values ('1','20456852-7','Irene','Baena Vega','Calle Iquique, 156','San Bernardo','960847801','1','2');
Insert into EVALUACIONES.ALUMNO (ALUMNO_CODIGO,ALUMNO_RUT,ALUMNO_NOMBRE,ALUMNO_APELLIDOS,ALUMNO_DIRECCION,ALUMNO_CIUDAD,ALUMNO_TELEFONO,ALUMNO_EV_VERDADERO,CURSO_CURSO_CODIGO) values ('2','12444565-8','Francisco','Calzada Casas','Avenida Cachapoal, 1149','La Florida','997802895','1','3');
Insert into EVALUACIONES.ALUMNO (ALUMNO_CODIGO,ALUMNO_RUT,ALUMNO_NOMBRE,ALUMNO_APELLIDOS,ALUMNO_DIRECCION,ALUMNO_CIUDAD,ALUMNO_TELEFONO,ALUMNO_EV_VERDADERO,CURSO_CURSO_CODIGO) values ('3','21231321-3','Raul','Corrales Adan','Calle Gómez Carreño, 3177','Rancagua','960847801','1','3');
Insert into EVALUACIONES.ALUMNO (ALUMNO_CODIGO,ALUMNO_RUT,ALUMNO_NOMBRE,ALUMNO_APELLIDOS,ALUMNO_DIRECCION,ALUMNO_CIUDAD,ALUMNO_TELEFONO,ALUMNO_EV_VERDADERO,CURSO_CURSO_CODIGO) values ('4','11321654-6','Enrique','Conejo Cuervo','Calle Europa, 2035','Providencia','950172196','1','2');
Insert into EVALUACIONES.ALUMNO (ALUMNO_CODIGO,ALUMNO_RUT,ALUMNO_NOMBRE,ALUMNO_APELLIDOS,ALUMNO_DIRECCION,ALUMNO_CIUDAD,ALUMNO_TELEFONO,ALUMNO_EV_VERDADERO,CURSO_CURSO_CODIGO) values ('5','13132546-4','Alfonso','Hernando Padin','Calle Lo Ruiz, 4700','Las Condes','948866846','1','1');
Insert into EVALUACIONES.ALUMNO (ALUMNO_CODIGO,ALUMNO_RUT,ALUMNO_NOMBRE,ALUMNO_APELLIDOS,ALUMNO_DIRECCION,ALUMNO_CIUDAD,ALUMNO_TELEFONO,ALUMNO_EV_VERDADERO,CURSO_CURSO_CODIGO) values ('6','11749623-2','Eugenio','Lamas Nevado','Avenida Presidente Riesco, 5335','Providencia','901528483','1','4');
Insert into EVALUACIONES.ALUMNO (ALUMNO_CODIGO,ALUMNO_RUT,ALUMNO_NOMBRE,ALUMNO_APELLIDOS,ALUMNO_DIRECCION,ALUMNO_CIUDAD,ALUMNO_TELEFONO,ALUMNO_EV_VERDADERO,CURSO_CURSO_CODIGO) values ('7','11749623-2','Jose','Buendia Mota','Calle Juan Antonio Ríos, 450','Quinta Normal','951401388','0','5');
Insert into EVALUACIONES.ALUMNO (ALUMNO_CODIGO,ALUMNO_RUT,ALUMNO_NOMBRE,ALUMNO_APELLIDOS,ALUMNO_DIRECCION,ALUMNO_CIUDAD,ALUMNO_TELEFONO,ALUMNO_EV_VERDADERO,CURSO_CURSO_CODIGO) values ('8','13656246-1','Pilar','Rayo Diaz','Av. Los Leones 195','Independencia','957387487','1','1');
Insert into EVALUACIONES.ALUMNO (ALUMNO_CODIGO,ALUMNO_RUT,ALUMNO_NOMBRE,ALUMNO_APELLIDOS,ALUMNO_DIRECCION,ALUMNO_CIUDAD,ALUMNO_TELEFONO,ALUMNO_EV_VERDADERO,CURSO_CURSO_CODIGO) values ('9','14752556-3','Maria','Bernal Alamos','Calle Chañarcillo, 970','San Joaquin','936177428','1','3');
Insert into EVALUACIONES.ALUMNO (ALUMNO_CODIGO,ALUMNO_RUT,ALUMNO_NOMBRE,ALUMNO_APELLIDOS,ALUMNO_DIRECCION,ALUMNO_CIUDAD,ALUMNO_TELEFONO,ALUMNO_EV_VERDADERO,CURSO_CURSO_CODIGO) values ('10','18552336-5','Eugenio','Villaroel','Avenida Francisco Bilbao, 5520','Peñaflor','933170628','1','2');
Insert into EVALUACIONES.ALUMNO (ALUMNO_CODIGO,ALUMNO_RUT,ALUMNO_NOMBRE,ALUMNO_APELLIDOS,ALUMNO_DIRECCION,ALUMNO_CIUDAD,ALUMNO_TELEFONO,ALUMNO_EV_VERDADERO,CURSO_CURSO_CODIGO) values ('11','14778920-7','Victor','Casas Soto','Calle Los Gomeros, 1721','San Bernardo','997802895','1','4');
Insert into EVALUACIONES.ALUMNO (ALUMNO_CODIGO,ALUMNO_RUT,ALUMNO_NOMBRE,ALUMNO_APELLIDOS,ALUMNO_DIRECCION,ALUMNO_CIUDAD,ALUMNO_TELEFONO,ALUMNO_EV_VERDADERO,CURSO_CURSO_CODIGO) values ('12','25741665-5','Carlos','Padin Fierro','Calle La Loma, 2580','Rancagua','960847801','1','3');
Insert into EVALUACIONES.ALUMNO (ALUMNO_CODIGO,ALUMNO_RUT,ALUMNO_NOMBRE,ALUMNO_APELLIDOS,ALUMNO_DIRECCION,ALUMNO_CIUDAD,ALUMNO_TELEFONO,ALUMNO_EV_VERDADERO,CURSO_CURSO_CODIGO) values ('13','12447952-1','Margarita','Cuervo Rojo','Avenida Cachapoal, 1149','Talcahuano','950172196','1','3');
Insert into EVALUACIONES.ALUMNO (ALUMNO_CODIGO,ALUMNO_RUT,ALUMNO_NOMBRE,ALUMNO_APELLIDOS,ALUMNO_DIRECCION,ALUMNO_CIUDAD,ALUMNO_TELEFONO,ALUMNO_EV_VERDADERO,CURSO_CURSO_CODIGO) values ('14','10552442-7','Irene','Astudillo Moreno','Avenida Los Leones, 2225','Providencia','948866846','1','2');
Insert into EVALUACIONES.ALUMNO (ALUMNO_CODIGO,ALUMNO_RUT,ALUMNO_NOMBRE,ALUMNO_APELLIDOS,ALUMNO_DIRECCION,ALUMNO_CIUDAD,ALUMNO_TELEFONO,ALUMNO_EV_VERDADERO,CURSO_CURSO_CODIGO) values ('15','21859940-7','Joan','Nevado Delgado','Avenida Antonio Varas, 175','Las Condes','951401388','1','1');
Insert into EVALUACIONES.ALUMNO (ALUMNO_CODIGO,ALUMNO_RUT,ALUMNO_NOMBRE,ALUMNO_APELLIDOS,ALUMNO_DIRECCION,ALUMNO_CIUDAD,ALUMNO_TELEFONO,ALUMNO_EV_VERDADERO,CURSO_CURSO_CODIGO) values ('16','13652327-1','Mariano','Adan Veliz','Calle Mendoza, 1864','La Serena','957387487','1','4');
Insert into EVALUACIONES.ALUMNO (ALUMNO_CODIGO,ALUMNO_RUT,ALUMNO_NOMBRE,ALUMNO_APELLIDOS,ALUMNO_DIRECCION,ALUMNO_CIUDAD,ALUMNO_TELEFONO,ALUMNO_EV_VERDADERO,CURSO_CURSO_CODIGO) values ('17','18741458-5','Rocio','Tudela Freire','Avenida Luis Thayer Ojeda, 0127','Santiago','936177428','1','1');
Insert into EVALUACIONES.ALUMNO (ALUMNO_CODIGO,ALUMNO_RUT,ALUMNO_NOMBRE,ALUMNO_APELLIDOS,ALUMNO_DIRECCION,ALUMNO_CIUDAD,ALUMNO_TELEFONO,ALUMNO_EV_VERDADERO,CURSO_CURSO_CODIGO) values ('18','19852465-1','Ruben','Mota Prieto','Avenida El Bosque Norte 0125','Renca','901528483','1','3');
Insert into EVALUACIONES.ALUMNO (ALUMNO_CODIGO,ALUMNO_RUT,ALUMNO_NOMBRE,ALUMNO_APELLIDOS,ALUMNO_DIRECCION,ALUMNO_CIUDAD,ALUMNO_TELEFONO,ALUMNO_EV_VERDADERO,CURSO_CURSO_CODIGO) values ('19','11899857-2','Gloria','Vega Jara','Calle Santa Elena, 2362','Maipú','933170628','1','4');
Insert into EVALUACIONES.ALUMNO (ALUMNO_CODIGO,ALUMNO_RUT,ALUMNO_NOMBRE,ALUMNO_APELLIDOS,ALUMNO_DIRECCION,ALUMNO_CIUDAD,ALUMNO_TELEFONO,ALUMNO_EV_VERDADERO,CURSO_CURSO_CODIGO) values ('20','12447582-9','Eugenio','Galarza Herrera','Calle Málaga, 115','Ñuñoa','912894000','1','4');
REM INSERTING into EVALUACIONES.CURSO
SET DEFINE OFF;
Insert into EVALUACIONES.CURSO (CURSO_CODIGO,CURSO_NOMBRE) values ('1','4-2A');
Insert into EVALUACIONES.CURSO (CURSO_CODIGO,CURSO_NOMBRE) values ('2','4-2B');
Insert into EVALUACIONES.CURSO (CURSO_CODIGO,CURSO_NOMBRE) values ('3','3-3A');
Insert into EVALUACIONES.CURSO (CURSO_CODIGO,CURSO_NOMBRE) values ('4','3-3B');
Insert into EVALUACIONES.CURSO (CURSO_CODIGO,CURSO_NOMBRE) values ('5','2-2A');
REM INSERTING into EVALUACIONES.DETALLE_EVALUACION
SET DEFINE OFF;
Insert into EVALUACIONES.DETALLE_EVALUACION (ALUMNO_CODIGO,TEST_CODIGO,PREG_CODIGO,ALT_CODIGO,VALOR_PUNTAJE) values ('6','2','1','42','25');
Insert into EVALUACIONES.DETALLE_EVALUACION (ALUMNO_CODIGO,TEST_CODIGO,PREG_CODIGO,ALT_CODIGO,VALOR_PUNTAJE) values ('6','2','1','43','25');
Insert into EVALUACIONES.DETALLE_EVALUACION (ALUMNO_CODIGO,TEST_CODIGO,PREG_CODIGO,ALT_CODIGO,VALOR_PUNTAJE) values ('6','2','1','44','25');
Insert into EVALUACIONES.DETALLE_EVALUACION (ALUMNO_CODIGO,TEST_CODIGO,PREG_CODIGO,ALT_CODIGO,VALOR_PUNTAJE) values ('6','2','2','45','25');
Insert into EVALUACIONES.DETALLE_EVALUACION (ALUMNO_CODIGO,TEST_CODIGO,PREG_CODIGO,ALT_CODIGO,VALOR_PUNTAJE) values ('6','2','2','46','25');
Insert into EVALUACIONES.DETALLE_EVALUACION (ALUMNO_CODIGO,TEST_CODIGO,PREG_CODIGO,ALT_CODIGO,VALOR_PUNTAJE) values ('6','2','2','47','25');
Insert into EVALUACIONES.DETALLE_EVALUACION (ALUMNO_CODIGO,TEST_CODIGO,PREG_CODIGO,ALT_CODIGO,VALOR_PUNTAJE) values ('6','2','2','48','25');
Insert into EVALUACIONES.DETALLE_EVALUACION (ALUMNO_CODIGO,TEST_CODIGO,PREG_CODIGO,ALT_CODIGO,VALOR_PUNTAJE) values ('6','2','3','49','50');
Insert into EVALUACIONES.DETALLE_EVALUACION (ALUMNO_CODIGO,TEST_CODIGO,PREG_CODIGO,ALT_CODIGO,VALOR_PUNTAJE) values ('6','2','3','51','50');
Insert into EVALUACIONES.DETALLE_EVALUACION (ALUMNO_CODIGO,TEST_CODIGO,PREG_CODIGO,ALT_CODIGO,VALOR_PUNTAJE) values ('6','2','4','53','50');
Insert into EVALUACIONES.DETALLE_EVALUACION (ALUMNO_CODIGO,TEST_CODIGO,PREG_CODIGO,ALT_CODIGO,VALOR_PUNTAJE) values ('6','2','4','56','50');
Insert into EVALUACIONES.DETALLE_EVALUACION (ALUMNO_CODIGO,TEST_CODIGO,PREG_CODIGO,ALT_CODIGO,VALOR_PUNTAJE) values ('6','2','5','57','25');
Insert into EVALUACIONES.DETALLE_EVALUACION (ALUMNO_CODIGO,TEST_CODIGO,PREG_CODIGO,ALT_CODIGO,VALOR_PUNTAJE) values ('6','2','5','58','25');
Insert into EVALUACIONES.DETALLE_EVALUACION (ALUMNO_CODIGO,TEST_CODIGO,PREG_CODIGO,ALT_CODIGO,VALOR_PUNTAJE) values ('6','2','5','59','25');
Insert into EVALUACIONES.DETALLE_EVALUACION (ALUMNO_CODIGO,TEST_CODIGO,PREG_CODIGO,ALT_CODIGO,VALOR_PUNTAJE) values ('6','2','5','60','25');
Insert into EVALUACIONES.DETALLE_EVALUACION (ALUMNO_CODIGO,TEST_CODIGO,PREG_CODIGO,ALT_CODIGO,VALOR_PUNTAJE) values ('6','2','6','61','25');
Insert into EVALUACIONES.DETALLE_EVALUACION (ALUMNO_CODIGO,TEST_CODIGO,PREG_CODIGO,ALT_CODIGO,VALOR_PUNTAJE) values ('6','2','6','62','25');
Insert into EVALUACIONES.DETALLE_EVALUACION (ALUMNO_CODIGO,TEST_CODIGO,PREG_CODIGO,ALT_CODIGO,VALOR_PUNTAJE) values ('6','2','6','63','25');
Insert into EVALUACIONES.DETALLE_EVALUACION (ALUMNO_CODIGO,TEST_CODIGO,PREG_CODIGO,ALT_CODIGO,VALOR_PUNTAJE) values ('6','2','6','64','25');
Insert into EVALUACIONES.DETALLE_EVALUACION (ALUMNO_CODIGO,TEST_CODIGO,PREG_CODIGO,ALT_CODIGO,VALOR_PUNTAJE) values ('6','2','7','65','25');
Insert into EVALUACIONES.DETALLE_EVALUACION (ALUMNO_CODIGO,TEST_CODIGO,PREG_CODIGO,ALT_CODIGO,VALOR_PUNTAJE) values ('6','2','7','66','25');
Insert into EVALUACIONES.DETALLE_EVALUACION (ALUMNO_CODIGO,TEST_CODIGO,PREG_CODIGO,ALT_CODIGO,VALOR_PUNTAJE) values ('6','2','7','67','25');
Insert into EVALUACIONES.DETALLE_EVALUACION (ALUMNO_CODIGO,TEST_CODIGO,PREG_CODIGO,ALT_CODIGO,VALOR_PUNTAJE) values ('6','2','7','68','25');
Insert into EVALUACIONES.DETALLE_EVALUACION (ALUMNO_CODIGO,TEST_CODIGO,PREG_CODIGO,ALT_CODIGO,VALOR_PUNTAJE) values ('6','2','8','69','50');
Insert into EVALUACIONES.DETALLE_EVALUACION (ALUMNO_CODIGO,TEST_CODIGO,PREG_CODIGO,ALT_CODIGO,VALOR_PUNTAJE) values ('6','2','8','72','50');
Insert into EVALUACIONES.DETALLE_EVALUACION (ALUMNO_CODIGO,TEST_CODIGO,PREG_CODIGO,ALT_CODIGO,VALOR_PUNTAJE) values ('6','2','9','73','50');
Insert into EVALUACIONES.DETALLE_EVALUACION (ALUMNO_CODIGO,TEST_CODIGO,PREG_CODIGO,ALT_CODIGO,VALOR_PUNTAJE) values ('6','2','9','76','50');
Insert into EVALUACIONES.DETALLE_EVALUACION (ALUMNO_CODIGO,TEST_CODIGO,PREG_CODIGO,ALT_CODIGO,VALOR_PUNTAJE) values ('6','2','10','77','50');
Insert into EVALUACIONES.DETALLE_EVALUACION (ALUMNO_CODIGO,TEST_CODIGO,PREG_CODIGO,ALT_CODIGO,VALOR_PUNTAJE) values ('6','2','10','79','50');
Insert into EVALUACIONES.DETALLE_EVALUACION (ALUMNO_CODIGO,TEST_CODIGO,PREG_CODIGO,ALT_CODIGO,VALOR_PUNTAJE) values ('7','1','1','1','50');
Insert into EVALUACIONES.DETALLE_EVALUACION (ALUMNO_CODIGO,TEST_CODIGO,PREG_CODIGO,ALT_CODIGO,VALOR_PUNTAJE) values ('7','1','1','4','50');
Insert into EVALUACIONES.DETALLE_EVALUACION (ALUMNO_CODIGO,TEST_CODIGO,PREG_CODIGO,ALT_CODIGO,VALOR_PUNTAJE) values ('7','1','2','5','25');
Insert into EVALUACIONES.DETALLE_EVALUACION (ALUMNO_CODIGO,TEST_CODIGO,PREG_CODIGO,ALT_CODIGO,VALOR_PUNTAJE) values ('7','1','2','6','25');
Insert into EVALUACIONES.DETALLE_EVALUACION (ALUMNO_CODIGO,TEST_CODIGO,PREG_CODIGO,ALT_CODIGO,VALOR_PUNTAJE) values ('7','1','2','7','25');
Insert into EVALUACIONES.DETALLE_EVALUACION (ALUMNO_CODIGO,TEST_CODIGO,PREG_CODIGO,ALT_CODIGO,VALOR_PUNTAJE) values ('7','1','2','8','25');
Insert into EVALUACIONES.DETALLE_EVALUACION (ALUMNO_CODIGO,TEST_CODIGO,PREG_CODIGO,ALT_CODIGO,VALOR_PUNTAJE) values ('7','1','3','10','50');
Insert into EVALUACIONES.DETALLE_EVALUACION (ALUMNO_CODIGO,TEST_CODIGO,PREG_CODIGO,ALT_CODIGO,VALOR_PUNTAJE) values ('7','1','3','11','50');
Insert into EVALUACIONES.DETALLE_EVALUACION (ALUMNO_CODIGO,TEST_CODIGO,PREG_CODIGO,ALT_CODIGO,VALOR_PUNTAJE) values ('7','1','4','15','50');
Insert into EVALUACIONES.DETALLE_EVALUACION (ALUMNO_CODIGO,TEST_CODIGO,PREG_CODIGO,ALT_CODIGO,VALOR_PUNTAJE) values ('7','1','4','16','50');
Insert into EVALUACIONES.DETALLE_EVALUACION (ALUMNO_CODIGO,TEST_CODIGO,PREG_CODIGO,ALT_CODIGO,VALOR_PUNTAJE) values ('7','1','5','18','50');
Insert into EVALUACIONES.DETALLE_EVALUACION (ALUMNO_CODIGO,TEST_CODIGO,PREG_CODIGO,ALT_CODIGO,VALOR_PUNTAJE) values ('7','1','5','20','50');
Insert into EVALUACIONES.DETALLE_EVALUACION (ALUMNO_CODIGO,TEST_CODIGO,PREG_CODIGO,ALT_CODIGO,VALOR_PUNTAJE) values ('7','1','6','21','50');
Insert into EVALUACIONES.DETALLE_EVALUACION (ALUMNO_CODIGO,TEST_CODIGO,PREG_CODIGO,ALT_CODIGO,VALOR_PUNTAJE) values ('7','1','6','22','50');
Insert into EVALUACIONES.DETALLE_EVALUACION (ALUMNO_CODIGO,TEST_CODIGO,PREG_CODIGO,ALT_CODIGO,VALOR_PUNTAJE) values ('7','1','7','25','50');
Insert into EVALUACIONES.DETALLE_EVALUACION (ALUMNO_CODIGO,TEST_CODIGO,PREG_CODIGO,ALT_CODIGO,VALOR_PUNTAJE) values ('7','1','7','26','50');
Insert into EVALUACIONES.DETALLE_EVALUACION (ALUMNO_CODIGO,TEST_CODIGO,PREG_CODIGO,ALT_CODIGO,VALOR_PUNTAJE) values ('7','1','8','31','50');
Insert into EVALUACIONES.DETALLE_EVALUACION (ALUMNO_CODIGO,TEST_CODIGO,PREG_CODIGO,ALT_CODIGO,VALOR_PUNTAJE) values ('7','1','8','32','50');
Insert into EVALUACIONES.DETALLE_EVALUACION (ALUMNO_CODIGO,TEST_CODIGO,PREG_CODIGO,ALT_CODIGO,VALOR_PUNTAJE) values ('7','1','9','33','25');
Insert into EVALUACIONES.DETALLE_EVALUACION (ALUMNO_CODIGO,TEST_CODIGO,PREG_CODIGO,ALT_CODIGO,VALOR_PUNTAJE) values ('7','1','9','34','25');
Insert into EVALUACIONES.DETALLE_EVALUACION (ALUMNO_CODIGO,TEST_CODIGO,PREG_CODIGO,ALT_CODIGO,VALOR_PUNTAJE) values ('7','1','9','35','25');
Insert into EVALUACIONES.DETALLE_EVALUACION (ALUMNO_CODIGO,TEST_CODIGO,PREG_CODIGO,ALT_CODIGO,VALOR_PUNTAJE) values ('7','1','9','36','25');
Insert into EVALUACIONES.DETALLE_EVALUACION (ALUMNO_CODIGO,TEST_CODIGO,PREG_CODIGO,ALT_CODIGO,VALOR_PUNTAJE) values ('7','1','10','37','25');
Insert into EVALUACIONES.DETALLE_EVALUACION (ALUMNO_CODIGO,TEST_CODIGO,PREG_CODIGO,ALT_CODIGO,VALOR_PUNTAJE) values ('7','1','10','38','25');
Insert into EVALUACIONES.DETALLE_EVALUACION (ALUMNO_CODIGO,TEST_CODIGO,PREG_CODIGO,ALT_CODIGO,VALOR_PUNTAJE) values ('7','1','10','39','25');
Insert into EVALUACIONES.DETALLE_EVALUACION (ALUMNO_CODIGO,TEST_CODIGO,PREG_CODIGO,ALT_CODIGO,VALOR_PUNTAJE) values ('7','1','10','40','25');
Insert into EVALUACIONES.DETALLE_EVALUACION (ALUMNO_CODIGO,TEST_CODIGO,PREG_CODIGO,ALT_CODIGO,VALOR_PUNTAJE) values ('7','2','1','41','25');
Insert into EVALUACIONES.DETALLE_EVALUACION (ALUMNO_CODIGO,TEST_CODIGO,PREG_CODIGO,ALT_CODIGO,VALOR_PUNTAJE) values ('1','1','1','1','50');
Insert into EVALUACIONES.DETALLE_EVALUACION (ALUMNO_CODIGO,TEST_CODIGO,PREG_CODIGO,ALT_CODIGO,VALOR_PUNTAJE) values ('1','1','1','4','50');
Insert into EVALUACIONES.DETALLE_EVALUACION (ALUMNO_CODIGO,TEST_CODIGO,PREG_CODIGO,ALT_CODIGO,VALOR_PUNTAJE) values ('1','1','2','5','25');
Insert into EVALUACIONES.DETALLE_EVALUACION (ALUMNO_CODIGO,TEST_CODIGO,PREG_CODIGO,ALT_CODIGO,VALOR_PUNTAJE) values ('1','1','2','6','25');
Insert into EVALUACIONES.DETALLE_EVALUACION (ALUMNO_CODIGO,TEST_CODIGO,PREG_CODIGO,ALT_CODIGO,VALOR_PUNTAJE) values ('1','1','2','7','25');
Insert into EVALUACIONES.DETALLE_EVALUACION (ALUMNO_CODIGO,TEST_CODIGO,PREG_CODIGO,ALT_CODIGO,VALOR_PUNTAJE) values ('1','1','2','8','25');
Insert into EVALUACIONES.DETALLE_EVALUACION (ALUMNO_CODIGO,TEST_CODIGO,PREG_CODIGO,ALT_CODIGO,VALOR_PUNTAJE) values ('1','1','3','10','50');
Insert into EVALUACIONES.DETALLE_EVALUACION (ALUMNO_CODIGO,TEST_CODIGO,PREG_CODIGO,ALT_CODIGO,VALOR_PUNTAJE) values ('1','1','3','11','50');
Insert into EVALUACIONES.DETALLE_EVALUACION (ALUMNO_CODIGO,TEST_CODIGO,PREG_CODIGO,ALT_CODIGO,VALOR_PUNTAJE) values ('1','1','4','15','50');
Insert into EVALUACIONES.DETALLE_EVALUACION (ALUMNO_CODIGO,TEST_CODIGO,PREG_CODIGO,ALT_CODIGO,VALOR_PUNTAJE) values ('1','1','4','16','50');
Insert into EVALUACIONES.DETALLE_EVALUACION (ALUMNO_CODIGO,TEST_CODIGO,PREG_CODIGO,ALT_CODIGO,VALOR_PUNTAJE) values ('1','1','5','18','50');
Insert into EVALUACIONES.DETALLE_EVALUACION (ALUMNO_CODIGO,TEST_CODIGO,PREG_CODIGO,ALT_CODIGO,VALOR_PUNTAJE) values ('1','1','5','20','50');
Insert into EVALUACIONES.DETALLE_EVALUACION (ALUMNO_CODIGO,TEST_CODIGO,PREG_CODIGO,ALT_CODIGO,VALOR_PUNTAJE) values ('1','1','6','21','50');
Insert into EVALUACIONES.DETALLE_EVALUACION (ALUMNO_CODIGO,TEST_CODIGO,PREG_CODIGO,ALT_CODIGO,VALOR_PUNTAJE) values ('1','1','6','22','50');
Insert into EVALUACIONES.DETALLE_EVALUACION (ALUMNO_CODIGO,TEST_CODIGO,PREG_CODIGO,ALT_CODIGO,VALOR_PUNTAJE) values ('1','1','7','25','50');
Insert into EVALUACIONES.DETALLE_EVALUACION (ALUMNO_CODIGO,TEST_CODIGO,PREG_CODIGO,ALT_CODIGO,VALOR_PUNTAJE) values ('1','1','7','26','50');
Insert into EVALUACIONES.DETALLE_EVALUACION (ALUMNO_CODIGO,TEST_CODIGO,PREG_CODIGO,ALT_CODIGO,VALOR_PUNTAJE) values ('1','1','8','31','50');
Insert into EVALUACIONES.DETALLE_EVALUACION (ALUMNO_CODIGO,TEST_CODIGO,PREG_CODIGO,ALT_CODIGO,VALOR_PUNTAJE) values ('1','1','8','32','50');
Insert into EVALUACIONES.DETALLE_EVALUACION (ALUMNO_CODIGO,TEST_CODIGO,PREG_CODIGO,ALT_CODIGO,VALOR_PUNTAJE) values ('1','1','9','33','25');
Insert into EVALUACIONES.DETALLE_EVALUACION (ALUMNO_CODIGO,TEST_CODIGO,PREG_CODIGO,ALT_CODIGO,VALOR_PUNTAJE) values ('1','1','9','34','25');
Insert into EVALUACIONES.DETALLE_EVALUACION (ALUMNO_CODIGO,TEST_CODIGO,PREG_CODIGO,ALT_CODIGO,VALOR_PUNTAJE) values ('1','1','9','35','25');
Insert into EVALUACIONES.DETALLE_EVALUACION (ALUMNO_CODIGO,TEST_CODIGO,PREG_CODIGO,ALT_CODIGO,VALOR_PUNTAJE) values ('1','1','9','36','25');
Insert into EVALUACIONES.DETALLE_EVALUACION (ALUMNO_CODIGO,TEST_CODIGO,PREG_CODIGO,ALT_CODIGO,VALOR_PUNTAJE) values ('1','1','10','37','25');
Insert into EVALUACIONES.DETALLE_EVALUACION (ALUMNO_CODIGO,TEST_CODIGO,PREG_CODIGO,ALT_CODIGO,VALOR_PUNTAJE) values ('1','1','10','38','25');
Insert into EVALUACIONES.DETALLE_EVALUACION (ALUMNO_CODIGO,TEST_CODIGO,PREG_CODIGO,ALT_CODIGO,VALOR_PUNTAJE) values ('1','1','10','39','25');
Insert into EVALUACIONES.DETALLE_EVALUACION (ALUMNO_CODIGO,TEST_CODIGO,PREG_CODIGO,ALT_CODIGO,VALOR_PUNTAJE) values ('1','1','10','40','25');
Insert into EVALUACIONES.DETALLE_EVALUACION (ALUMNO_CODIGO,TEST_CODIGO,PREG_CODIGO,ALT_CODIGO,VALOR_PUNTAJE) values ('1','2','1','41','25');
Insert into EVALUACIONES.DETALLE_EVALUACION (ALUMNO_CODIGO,TEST_CODIGO,PREG_CODIGO,ALT_CODIGO,VALOR_PUNTAJE) values ('1','2','1','42','25');
Insert into EVALUACIONES.DETALLE_EVALUACION (ALUMNO_CODIGO,TEST_CODIGO,PREG_CODIGO,ALT_CODIGO,VALOR_PUNTAJE) values ('1','2','1','43','25');
Insert into EVALUACIONES.DETALLE_EVALUACION (ALUMNO_CODIGO,TEST_CODIGO,PREG_CODIGO,ALT_CODIGO,VALOR_PUNTAJE) values ('1','2','1','44','25');
Insert into EVALUACIONES.DETALLE_EVALUACION (ALUMNO_CODIGO,TEST_CODIGO,PREG_CODIGO,ALT_CODIGO,VALOR_PUNTAJE) values ('1','2','2','45','25');
Insert into EVALUACIONES.DETALLE_EVALUACION (ALUMNO_CODIGO,TEST_CODIGO,PREG_CODIGO,ALT_CODIGO,VALOR_PUNTAJE) values ('1','2','2','46','25');
Insert into EVALUACIONES.DETALLE_EVALUACION (ALUMNO_CODIGO,TEST_CODIGO,PREG_CODIGO,ALT_CODIGO,VALOR_PUNTAJE) values ('1','2','2','47','25');
Insert into EVALUACIONES.DETALLE_EVALUACION (ALUMNO_CODIGO,TEST_CODIGO,PREG_CODIGO,ALT_CODIGO,VALOR_PUNTAJE) values ('1','2','2','48','25');
Insert into EVALUACIONES.DETALLE_EVALUACION (ALUMNO_CODIGO,TEST_CODIGO,PREG_CODIGO,ALT_CODIGO,VALOR_PUNTAJE) values ('1','2','3','49','50');
Insert into EVALUACIONES.DETALLE_EVALUACION (ALUMNO_CODIGO,TEST_CODIGO,PREG_CODIGO,ALT_CODIGO,VALOR_PUNTAJE) values ('1','2','3','51','50');
Insert into EVALUACIONES.DETALLE_EVALUACION (ALUMNO_CODIGO,TEST_CODIGO,PREG_CODIGO,ALT_CODIGO,VALOR_PUNTAJE) values ('1','2','4','53','50');
Insert into EVALUACIONES.DETALLE_EVALUACION (ALUMNO_CODIGO,TEST_CODIGO,PREG_CODIGO,ALT_CODIGO,VALOR_PUNTAJE) values ('1','2','4','56','50');
Insert into EVALUACIONES.DETALLE_EVALUACION (ALUMNO_CODIGO,TEST_CODIGO,PREG_CODIGO,ALT_CODIGO,VALOR_PUNTAJE) values ('1','2','5','57','25');
Insert into EVALUACIONES.DETALLE_EVALUACION (ALUMNO_CODIGO,TEST_CODIGO,PREG_CODIGO,ALT_CODIGO,VALOR_PUNTAJE) values ('1','2','5','58','25');
Insert into EVALUACIONES.DETALLE_EVALUACION (ALUMNO_CODIGO,TEST_CODIGO,PREG_CODIGO,ALT_CODIGO,VALOR_PUNTAJE) values ('1','2','5','59','25');
Insert into EVALUACIONES.DETALLE_EVALUACION (ALUMNO_CODIGO,TEST_CODIGO,PREG_CODIGO,ALT_CODIGO,VALOR_PUNTAJE) values ('1','2','5','60','25');
Insert into EVALUACIONES.DETALLE_EVALUACION (ALUMNO_CODIGO,TEST_CODIGO,PREG_CODIGO,ALT_CODIGO,VALOR_PUNTAJE) values ('1','2','6','61','25');
Insert into EVALUACIONES.DETALLE_EVALUACION (ALUMNO_CODIGO,TEST_CODIGO,PREG_CODIGO,ALT_CODIGO,VALOR_PUNTAJE) values ('1','2','6','62','25');
Insert into EVALUACIONES.DETALLE_EVALUACION (ALUMNO_CODIGO,TEST_CODIGO,PREG_CODIGO,ALT_CODIGO,VALOR_PUNTAJE) values ('1','2','6','63','25');
Insert into EVALUACIONES.DETALLE_EVALUACION (ALUMNO_CODIGO,TEST_CODIGO,PREG_CODIGO,ALT_CODIGO,VALOR_PUNTAJE) values ('1','2','6','64','25');
Insert into EVALUACIONES.DETALLE_EVALUACION (ALUMNO_CODIGO,TEST_CODIGO,PREG_CODIGO,ALT_CODIGO,VALOR_PUNTAJE) values ('1','2','7','65','25');
Insert into EVALUACIONES.DETALLE_EVALUACION (ALUMNO_CODIGO,TEST_CODIGO,PREG_CODIGO,ALT_CODIGO,VALOR_PUNTAJE) values ('1','2','7','66','25');
Insert into EVALUACIONES.DETALLE_EVALUACION (ALUMNO_CODIGO,TEST_CODIGO,PREG_CODIGO,ALT_CODIGO,VALOR_PUNTAJE) values ('1','2','7','67','25');
Insert into EVALUACIONES.DETALLE_EVALUACION (ALUMNO_CODIGO,TEST_CODIGO,PREG_CODIGO,ALT_CODIGO,VALOR_PUNTAJE) values ('1','2','7','68','25');
Insert into EVALUACIONES.DETALLE_EVALUACION (ALUMNO_CODIGO,TEST_CODIGO,PREG_CODIGO,ALT_CODIGO,VALOR_PUNTAJE) values ('1','2','8','69','50');
Insert into EVALUACIONES.DETALLE_EVALUACION (ALUMNO_CODIGO,TEST_CODIGO,PREG_CODIGO,ALT_CODIGO,VALOR_PUNTAJE) values ('1','2','8','72','50');
Insert into EVALUACIONES.DETALLE_EVALUACION (ALUMNO_CODIGO,TEST_CODIGO,PREG_CODIGO,ALT_CODIGO,VALOR_PUNTAJE) values ('1','2','9','73','50');
Insert into EVALUACIONES.DETALLE_EVALUACION (ALUMNO_CODIGO,TEST_CODIGO,PREG_CODIGO,ALT_CODIGO,VALOR_PUNTAJE) values ('1','2','9','76','50');
Insert into EVALUACIONES.DETALLE_EVALUACION (ALUMNO_CODIGO,TEST_CODIGO,PREG_CODIGO,ALT_CODIGO,VALOR_PUNTAJE) values ('1','2','10','77','50');
Insert into EVALUACIONES.DETALLE_EVALUACION (ALUMNO_CODIGO,TEST_CODIGO,PREG_CODIGO,ALT_CODIGO,VALOR_PUNTAJE) values ('1','2','10','79','50');
Insert into EVALUACIONES.DETALLE_EVALUACION (ALUMNO_CODIGO,TEST_CODIGO,PREG_CODIGO,ALT_CODIGO,VALOR_PUNTAJE) values ('2','1','1','1','50');
Insert into EVALUACIONES.DETALLE_EVALUACION (ALUMNO_CODIGO,TEST_CODIGO,PREG_CODIGO,ALT_CODIGO,VALOR_PUNTAJE) values ('2','1','1','4','50');
Insert into EVALUACIONES.DETALLE_EVALUACION (ALUMNO_CODIGO,TEST_CODIGO,PREG_CODIGO,ALT_CODIGO,VALOR_PUNTAJE) values ('2','1','2','5','25');
Insert into EVALUACIONES.DETALLE_EVALUACION (ALUMNO_CODIGO,TEST_CODIGO,PREG_CODIGO,ALT_CODIGO,VALOR_PUNTAJE) values ('2','1','2','6','25');
Insert into EVALUACIONES.DETALLE_EVALUACION (ALUMNO_CODIGO,TEST_CODIGO,PREG_CODIGO,ALT_CODIGO,VALOR_PUNTAJE) values ('2','1','2','7','25');
Insert into EVALUACIONES.DETALLE_EVALUACION (ALUMNO_CODIGO,TEST_CODIGO,PREG_CODIGO,ALT_CODIGO,VALOR_PUNTAJE) values ('2','1','2','8','25');
Insert into EVALUACIONES.DETALLE_EVALUACION (ALUMNO_CODIGO,TEST_CODIGO,PREG_CODIGO,ALT_CODIGO,VALOR_PUNTAJE) values ('2','1','3','10','50');
Insert into EVALUACIONES.DETALLE_EVALUACION (ALUMNO_CODIGO,TEST_CODIGO,PREG_CODIGO,ALT_CODIGO,VALOR_PUNTAJE) values ('2','1','3','11','50');
Insert into EVALUACIONES.DETALLE_EVALUACION (ALUMNO_CODIGO,TEST_CODIGO,PREG_CODIGO,ALT_CODIGO,VALOR_PUNTAJE) values ('2','1','4','15','50');
Insert into EVALUACIONES.DETALLE_EVALUACION (ALUMNO_CODIGO,TEST_CODIGO,PREG_CODIGO,ALT_CODIGO,VALOR_PUNTAJE) values ('2','1','4','16','50');
Insert into EVALUACIONES.DETALLE_EVALUACION (ALUMNO_CODIGO,TEST_CODIGO,PREG_CODIGO,ALT_CODIGO,VALOR_PUNTAJE) values ('2','1','5','18','50');
Insert into EVALUACIONES.DETALLE_EVALUACION (ALUMNO_CODIGO,TEST_CODIGO,PREG_CODIGO,ALT_CODIGO,VALOR_PUNTAJE) values ('2','1','5','20','50');
Insert into EVALUACIONES.DETALLE_EVALUACION (ALUMNO_CODIGO,TEST_CODIGO,PREG_CODIGO,ALT_CODIGO,VALOR_PUNTAJE) values ('2','1','6','21','50');
Insert into EVALUACIONES.DETALLE_EVALUACION (ALUMNO_CODIGO,TEST_CODIGO,PREG_CODIGO,ALT_CODIGO,VALOR_PUNTAJE) values ('2','1','6','22','50');
Insert into EVALUACIONES.DETALLE_EVALUACION (ALUMNO_CODIGO,TEST_CODIGO,PREG_CODIGO,ALT_CODIGO,VALOR_PUNTAJE) values ('2','1','7','25','50');
Insert into EVALUACIONES.DETALLE_EVALUACION (ALUMNO_CODIGO,TEST_CODIGO,PREG_CODIGO,ALT_CODIGO,VALOR_PUNTAJE) values ('2','1','7','26','50');
Insert into EVALUACIONES.DETALLE_EVALUACION (ALUMNO_CODIGO,TEST_CODIGO,PREG_CODIGO,ALT_CODIGO,VALOR_PUNTAJE) values ('2','1','8','31','50');
Insert into EVALUACIONES.DETALLE_EVALUACION (ALUMNO_CODIGO,TEST_CODIGO,PREG_CODIGO,ALT_CODIGO,VALOR_PUNTAJE) values ('2','1','8','32','50');
Insert into EVALUACIONES.DETALLE_EVALUACION (ALUMNO_CODIGO,TEST_CODIGO,PREG_CODIGO,ALT_CODIGO,VALOR_PUNTAJE) values ('2','1','9','33','25');
Insert into EVALUACIONES.DETALLE_EVALUACION (ALUMNO_CODIGO,TEST_CODIGO,PREG_CODIGO,ALT_CODIGO,VALOR_PUNTAJE) values ('2','1','9','34','25');
Insert into EVALUACIONES.DETALLE_EVALUACION (ALUMNO_CODIGO,TEST_CODIGO,PREG_CODIGO,ALT_CODIGO,VALOR_PUNTAJE) values ('2','1','9','35','25');
Insert into EVALUACIONES.DETALLE_EVALUACION (ALUMNO_CODIGO,TEST_CODIGO,PREG_CODIGO,ALT_CODIGO,VALOR_PUNTAJE) values ('2','1','9','36','25');
Insert into EVALUACIONES.DETALLE_EVALUACION (ALUMNO_CODIGO,TEST_CODIGO,PREG_CODIGO,ALT_CODIGO,VALOR_PUNTAJE) values ('2','1','10','37','25');
Insert into EVALUACIONES.DETALLE_EVALUACION (ALUMNO_CODIGO,TEST_CODIGO,PREG_CODIGO,ALT_CODIGO,VALOR_PUNTAJE) values ('2','1','10','38','25');
Insert into EVALUACIONES.DETALLE_EVALUACION (ALUMNO_CODIGO,TEST_CODIGO,PREG_CODIGO,ALT_CODIGO,VALOR_PUNTAJE) values ('2','1','10','39','25');
Insert into EVALUACIONES.DETALLE_EVALUACION (ALUMNO_CODIGO,TEST_CODIGO,PREG_CODIGO,ALT_CODIGO,VALOR_PUNTAJE) values ('2','1','10','40','25');
Insert into EVALUACIONES.DETALLE_EVALUACION (ALUMNO_CODIGO,TEST_CODIGO,PREG_CODIGO,ALT_CODIGO,VALOR_PUNTAJE) values ('2','2','1','41','25');
Insert into EVALUACIONES.DETALLE_EVALUACION (ALUMNO_CODIGO,TEST_CODIGO,PREG_CODIGO,ALT_CODIGO,VALOR_PUNTAJE) values ('2','2','1','42','25');
Insert into EVALUACIONES.DETALLE_EVALUACION (ALUMNO_CODIGO,TEST_CODIGO,PREG_CODIGO,ALT_CODIGO,VALOR_PUNTAJE) values ('2','2','1','43','25');
Insert into EVALUACIONES.DETALLE_EVALUACION (ALUMNO_CODIGO,TEST_CODIGO,PREG_CODIGO,ALT_CODIGO,VALOR_PUNTAJE) values ('2','2','1','44','25');
Insert into EVALUACIONES.DETALLE_EVALUACION (ALUMNO_CODIGO,TEST_CODIGO,PREG_CODIGO,ALT_CODIGO,VALOR_PUNTAJE) values ('2','2','2','45','25');
Insert into EVALUACIONES.DETALLE_EVALUACION (ALUMNO_CODIGO,TEST_CODIGO,PREG_CODIGO,ALT_CODIGO,VALOR_PUNTAJE) values ('2','2','2','46','25');
Insert into EVALUACIONES.DETALLE_EVALUACION (ALUMNO_CODIGO,TEST_CODIGO,PREG_CODIGO,ALT_CODIGO,VALOR_PUNTAJE) values ('2','2','2','47','25');
Insert into EVALUACIONES.DETALLE_EVALUACION (ALUMNO_CODIGO,TEST_CODIGO,PREG_CODIGO,ALT_CODIGO,VALOR_PUNTAJE) values ('2','2','2','48','25');
Insert into EVALUACIONES.DETALLE_EVALUACION (ALUMNO_CODIGO,TEST_CODIGO,PREG_CODIGO,ALT_CODIGO,VALOR_PUNTAJE) values ('2','2','3','49','50');
Insert into EVALUACIONES.DETALLE_EVALUACION (ALUMNO_CODIGO,TEST_CODIGO,PREG_CODIGO,ALT_CODIGO,VALOR_PUNTAJE) values ('2','2','3','51','50');
Insert into EVALUACIONES.DETALLE_EVALUACION (ALUMNO_CODIGO,TEST_CODIGO,PREG_CODIGO,ALT_CODIGO,VALOR_PUNTAJE) values ('2','2','4','53','50');
Insert into EVALUACIONES.DETALLE_EVALUACION (ALUMNO_CODIGO,TEST_CODIGO,PREG_CODIGO,ALT_CODIGO,VALOR_PUNTAJE) values ('2','2','4','56','50');
Insert into EVALUACIONES.DETALLE_EVALUACION (ALUMNO_CODIGO,TEST_CODIGO,PREG_CODIGO,ALT_CODIGO,VALOR_PUNTAJE) values ('2','2','5','57','25');
Insert into EVALUACIONES.DETALLE_EVALUACION (ALUMNO_CODIGO,TEST_CODIGO,PREG_CODIGO,ALT_CODIGO,VALOR_PUNTAJE) values ('2','2','5','58','25');
Insert into EVALUACIONES.DETALLE_EVALUACION (ALUMNO_CODIGO,TEST_CODIGO,PREG_CODIGO,ALT_CODIGO,VALOR_PUNTAJE) values ('2','2','5','59','25');
Insert into EVALUACIONES.DETALLE_EVALUACION (ALUMNO_CODIGO,TEST_CODIGO,PREG_CODIGO,ALT_CODIGO,VALOR_PUNTAJE) values ('2','2','5','60','25');
Insert into EVALUACIONES.DETALLE_EVALUACION (ALUMNO_CODIGO,TEST_CODIGO,PREG_CODIGO,ALT_CODIGO,VALOR_PUNTAJE) values ('2','2','6','61','25');
Insert into EVALUACIONES.DETALLE_EVALUACION (ALUMNO_CODIGO,TEST_CODIGO,PREG_CODIGO,ALT_CODIGO,VALOR_PUNTAJE) values ('2','2','6','62','25');
Insert into EVALUACIONES.DETALLE_EVALUACION (ALUMNO_CODIGO,TEST_CODIGO,PREG_CODIGO,ALT_CODIGO,VALOR_PUNTAJE) values ('2','2','6','63','25');
Insert into EVALUACIONES.DETALLE_EVALUACION (ALUMNO_CODIGO,TEST_CODIGO,PREG_CODIGO,ALT_CODIGO,VALOR_PUNTAJE) values ('2','2','6','64','25');
Insert into EVALUACIONES.DETALLE_EVALUACION (ALUMNO_CODIGO,TEST_CODIGO,PREG_CODIGO,ALT_CODIGO,VALOR_PUNTAJE) values ('2','2','7','65','25');
Insert into EVALUACIONES.DETALLE_EVALUACION (ALUMNO_CODIGO,TEST_CODIGO,PREG_CODIGO,ALT_CODIGO,VALOR_PUNTAJE) values ('2','2','7','66','25');
Insert into EVALUACIONES.DETALLE_EVALUACION (ALUMNO_CODIGO,TEST_CODIGO,PREG_CODIGO,ALT_CODIGO,VALOR_PUNTAJE) values ('2','2','7','67','25');
Insert into EVALUACIONES.DETALLE_EVALUACION (ALUMNO_CODIGO,TEST_CODIGO,PREG_CODIGO,ALT_CODIGO,VALOR_PUNTAJE) values ('2','2','7','68','25');
Insert into EVALUACIONES.DETALLE_EVALUACION (ALUMNO_CODIGO,TEST_CODIGO,PREG_CODIGO,ALT_CODIGO,VALOR_PUNTAJE) values ('2','2','8','69','50');
Insert into EVALUACIONES.DETALLE_EVALUACION (ALUMNO_CODIGO,TEST_CODIGO,PREG_CODIGO,ALT_CODIGO,VALOR_PUNTAJE) values ('2','2','8','72','50');
Insert into EVALUACIONES.DETALLE_EVALUACION (ALUMNO_CODIGO,TEST_CODIGO,PREG_CODIGO,ALT_CODIGO,VALOR_PUNTAJE) values ('2','2','9','73','50');
Insert into EVALUACIONES.DETALLE_EVALUACION (ALUMNO_CODIGO,TEST_CODIGO,PREG_CODIGO,ALT_CODIGO,VALOR_PUNTAJE) values ('2','2','9','76','50');
Insert into EVALUACIONES.DETALLE_EVALUACION (ALUMNO_CODIGO,TEST_CODIGO,PREG_CODIGO,ALT_CODIGO,VALOR_PUNTAJE) values ('2','2','10','77','50');
Insert into EVALUACIONES.DETALLE_EVALUACION (ALUMNO_CODIGO,TEST_CODIGO,PREG_CODIGO,ALT_CODIGO,VALOR_PUNTAJE) values ('2','2','10','79','50');
Insert into EVALUACIONES.DETALLE_EVALUACION (ALUMNO_CODIGO,TEST_CODIGO,PREG_CODIGO,ALT_CODIGO,VALOR_PUNTAJE) values ('3','1','1','1','50');
Insert into EVALUACIONES.DETALLE_EVALUACION (ALUMNO_CODIGO,TEST_CODIGO,PREG_CODIGO,ALT_CODIGO,VALOR_PUNTAJE) values ('3','1','1','4','50');
Insert into EVALUACIONES.DETALLE_EVALUACION (ALUMNO_CODIGO,TEST_CODIGO,PREG_CODIGO,ALT_CODIGO,VALOR_PUNTAJE) values ('3','1','2','5','25');
Insert into EVALUACIONES.DETALLE_EVALUACION (ALUMNO_CODIGO,TEST_CODIGO,PREG_CODIGO,ALT_CODIGO,VALOR_PUNTAJE) values ('3','1','2','6','25');
Insert into EVALUACIONES.DETALLE_EVALUACION (ALUMNO_CODIGO,TEST_CODIGO,PREG_CODIGO,ALT_CODIGO,VALOR_PUNTAJE) values ('3','1','2','7','25');
Insert into EVALUACIONES.DETALLE_EVALUACION (ALUMNO_CODIGO,TEST_CODIGO,PREG_CODIGO,ALT_CODIGO,VALOR_PUNTAJE) values ('3','1','2','8','25');
Insert into EVALUACIONES.DETALLE_EVALUACION (ALUMNO_CODIGO,TEST_CODIGO,PREG_CODIGO,ALT_CODIGO,VALOR_PUNTAJE) values ('3','1','3','10','50');
Insert into EVALUACIONES.DETALLE_EVALUACION (ALUMNO_CODIGO,TEST_CODIGO,PREG_CODIGO,ALT_CODIGO,VALOR_PUNTAJE) values ('3','1','3','11','50');
Insert into EVALUACIONES.DETALLE_EVALUACION (ALUMNO_CODIGO,TEST_CODIGO,PREG_CODIGO,ALT_CODIGO,VALOR_PUNTAJE) values ('3','1','4','15','50');
Insert into EVALUACIONES.DETALLE_EVALUACION (ALUMNO_CODIGO,TEST_CODIGO,PREG_CODIGO,ALT_CODIGO,VALOR_PUNTAJE) values ('3','1','4','16','50');
Insert into EVALUACIONES.DETALLE_EVALUACION (ALUMNO_CODIGO,TEST_CODIGO,PREG_CODIGO,ALT_CODIGO,VALOR_PUNTAJE) values ('3','1','5','18','50');
Insert into EVALUACIONES.DETALLE_EVALUACION (ALUMNO_CODIGO,TEST_CODIGO,PREG_CODIGO,ALT_CODIGO,VALOR_PUNTAJE) values ('3','1','5','20','50');
Insert into EVALUACIONES.DETALLE_EVALUACION (ALUMNO_CODIGO,TEST_CODIGO,PREG_CODIGO,ALT_CODIGO,VALOR_PUNTAJE) values ('3','1','6','21','50');
Insert into EVALUACIONES.DETALLE_EVALUACION (ALUMNO_CODIGO,TEST_CODIGO,PREG_CODIGO,ALT_CODIGO,VALOR_PUNTAJE) values ('3','1','6','22','50');
Insert into EVALUACIONES.DETALLE_EVALUACION (ALUMNO_CODIGO,TEST_CODIGO,PREG_CODIGO,ALT_CODIGO,VALOR_PUNTAJE) values ('3','1','7','25','50');
Insert into EVALUACIONES.DETALLE_EVALUACION (ALUMNO_CODIGO,TEST_CODIGO,PREG_CODIGO,ALT_CODIGO,VALOR_PUNTAJE) values ('3','1','7','26','50');
Insert into EVALUACIONES.DETALLE_EVALUACION (ALUMNO_CODIGO,TEST_CODIGO,PREG_CODIGO,ALT_CODIGO,VALOR_PUNTAJE) values ('3','1','8','31','50');
Insert into EVALUACIONES.DETALLE_EVALUACION (ALUMNO_CODIGO,TEST_CODIGO,PREG_CODIGO,ALT_CODIGO,VALOR_PUNTAJE) values ('3','1','8','32','50');
Insert into EVALUACIONES.DETALLE_EVALUACION (ALUMNO_CODIGO,TEST_CODIGO,PREG_CODIGO,ALT_CODIGO,VALOR_PUNTAJE) values ('3','1','9','33','25');
Insert into EVALUACIONES.DETALLE_EVALUACION (ALUMNO_CODIGO,TEST_CODIGO,PREG_CODIGO,ALT_CODIGO,VALOR_PUNTAJE) values ('3','1','9','34','25');
Insert into EVALUACIONES.DETALLE_EVALUACION (ALUMNO_CODIGO,TEST_CODIGO,PREG_CODIGO,ALT_CODIGO,VALOR_PUNTAJE) values ('3','1','9','35','25');
Insert into EVALUACIONES.DETALLE_EVALUACION (ALUMNO_CODIGO,TEST_CODIGO,PREG_CODIGO,ALT_CODIGO,VALOR_PUNTAJE) values ('3','1','9','36','25');
Insert into EVALUACIONES.DETALLE_EVALUACION (ALUMNO_CODIGO,TEST_CODIGO,PREG_CODIGO,ALT_CODIGO,VALOR_PUNTAJE) values ('3','1','10','37','25');
Insert into EVALUACIONES.DETALLE_EVALUACION (ALUMNO_CODIGO,TEST_CODIGO,PREG_CODIGO,ALT_CODIGO,VALOR_PUNTAJE) values ('3','1','10','38','25');
Insert into EVALUACIONES.DETALLE_EVALUACION (ALUMNO_CODIGO,TEST_CODIGO,PREG_CODIGO,ALT_CODIGO,VALOR_PUNTAJE) values ('3','1','10','39','25');
Insert into EVALUACIONES.DETALLE_EVALUACION (ALUMNO_CODIGO,TEST_CODIGO,PREG_CODIGO,ALT_CODIGO,VALOR_PUNTAJE) values ('3','1','10','40','25');
Insert into EVALUACIONES.DETALLE_EVALUACION (ALUMNO_CODIGO,TEST_CODIGO,PREG_CODIGO,ALT_CODIGO,VALOR_PUNTAJE) values ('3','2','1','41','25');
Insert into EVALUACIONES.DETALLE_EVALUACION (ALUMNO_CODIGO,TEST_CODIGO,PREG_CODIGO,ALT_CODIGO,VALOR_PUNTAJE) values ('3','2','1','42','25');
Insert into EVALUACIONES.DETALLE_EVALUACION (ALUMNO_CODIGO,TEST_CODIGO,PREG_CODIGO,ALT_CODIGO,VALOR_PUNTAJE) values ('3','2','1','43','25');
Insert into EVALUACIONES.DETALLE_EVALUACION (ALUMNO_CODIGO,TEST_CODIGO,PREG_CODIGO,ALT_CODIGO,VALOR_PUNTAJE) values ('3','2','1','44','25');
Insert into EVALUACIONES.DETALLE_EVALUACION (ALUMNO_CODIGO,TEST_CODIGO,PREG_CODIGO,ALT_CODIGO,VALOR_PUNTAJE) values ('3','2','2','45','25');
Insert into EVALUACIONES.DETALLE_EVALUACION (ALUMNO_CODIGO,TEST_CODIGO,PREG_CODIGO,ALT_CODIGO,VALOR_PUNTAJE) values ('3','2','2','46','25');
Insert into EVALUACIONES.DETALLE_EVALUACION (ALUMNO_CODIGO,TEST_CODIGO,PREG_CODIGO,ALT_CODIGO,VALOR_PUNTAJE) values ('3','2','2','47','25');
Insert into EVALUACIONES.DETALLE_EVALUACION (ALUMNO_CODIGO,TEST_CODIGO,PREG_CODIGO,ALT_CODIGO,VALOR_PUNTAJE) values ('3','2','2','48','25');
Insert into EVALUACIONES.DETALLE_EVALUACION (ALUMNO_CODIGO,TEST_CODIGO,PREG_CODIGO,ALT_CODIGO,VALOR_PUNTAJE) values ('3','2','3','49','50');
Insert into EVALUACIONES.DETALLE_EVALUACION (ALUMNO_CODIGO,TEST_CODIGO,PREG_CODIGO,ALT_CODIGO,VALOR_PUNTAJE) values ('3','2','3','51','50');
Insert into EVALUACIONES.DETALLE_EVALUACION (ALUMNO_CODIGO,TEST_CODIGO,PREG_CODIGO,ALT_CODIGO,VALOR_PUNTAJE) values ('3','2','4','53','50');
Insert into EVALUACIONES.DETALLE_EVALUACION (ALUMNO_CODIGO,TEST_CODIGO,PREG_CODIGO,ALT_CODIGO,VALOR_PUNTAJE) values ('3','2','4','56','50');
Insert into EVALUACIONES.DETALLE_EVALUACION (ALUMNO_CODIGO,TEST_CODIGO,PREG_CODIGO,ALT_CODIGO,VALOR_PUNTAJE) values ('3','2','5','57','25');
Insert into EVALUACIONES.DETALLE_EVALUACION (ALUMNO_CODIGO,TEST_CODIGO,PREG_CODIGO,ALT_CODIGO,VALOR_PUNTAJE) values ('3','2','5','58','25');
Insert into EVALUACIONES.DETALLE_EVALUACION (ALUMNO_CODIGO,TEST_CODIGO,PREG_CODIGO,ALT_CODIGO,VALOR_PUNTAJE) values ('3','2','5','59','25');
Insert into EVALUACIONES.DETALLE_EVALUACION (ALUMNO_CODIGO,TEST_CODIGO,PREG_CODIGO,ALT_CODIGO,VALOR_PUNTAJE) values ('3','2','5','60','25');
Insert into EVALUACIONES.DETALLE_EVALUACION (ALUMNO_CODIGO,TEST_CODIGO,PREG_CODIGO,ALT_CODIGO,VALOR_PUNTAJE) values ('3','2','6','61','25');
Insert into EVALUACIONES.DETALLE_EVALUACION (ALUMNO_CODIGO,TEST_CODIGO,PREG_CODIGO,ALT_CODIGO,VALOR_PUNTAJE) values ('3','2','6','62','25');
Insert into EVALUACIONES.DETALLE_EVALUACION (ALUMNO_CODIGO,TEST_CODIGO,PREG_CODIGO,ALT_CODIGO,VALOR_PUNTAJE) values ('3','2','6','63','25');
Insert into EVALUACIONES.DETALLE_EVALUACION (ALUMNO_CODIGO,TEST_CODIGO,PREG_CODIGO,ALT_CODIGO,VALOR_PUNTAJE) values ('3','2','6','64','25');
Insert into EVALUACIONES.DETALLE_EVALUACION (ALUMNO_CODIGO,TEST_CODIGO,PREG_CODIGO,ALT_CODIGO,VALOR_PUNTAJE) values ('3','2','7','65','25');
Insert into EVALUACIONES.DETALLE_EVALUACION (ALUMNO_CODIGO,TEST_CODIGO,PREG_CODIGO,ALT_CODIGO,VALOR_PUNTAJE) values ('3','2','7','66','25');
Insert into EVALUACIONES.DETALLE_EVALUACION (ALUMNO_CODIGO,TEST_CODIGO,PREG_CODIGO,ALT_CODIGO,VALOR_PUNTAJE) values ('3','2','7','67','25');
Insert into EVALUACIONES.DETALLE_EVALUACION (ALUMNO_CODIGO,TEST_CODIGO,PREG_CODIGO,ALT_CODIGO,VALOR_PUNTAJE) values ('3','2','7','68','25');
Insert into EVALUACIONES.DETALLE_EVALUACION (ALUMNO_CODIGO,TEST_CODIGO,PREG_CODIGO,ALT_CODIGO,VALOR_PUNTAJE) values ('3','2','8','69','50');
Insert into EVALUACIONES.DETALLE_EVALUACION (ALUMNO_CODIGO,TEST_CODIGO,PREG_CODIGO,ALT_CODIGO,VALOR_PUNTAJE) values ('3','2','8','72','50');
Insert into EVALUACIONES.DETALLE_EVALUACION (ALUMNO_CODIGO,TEST_CODIGO,PREG_CODIGO,ALT_CODIGO,VALOR_PUNTAJE) values ('3','2','9','73','50');
Insert into EVALUACIONES.DETALLE_EVALUACION (ALUMNO_CODIGO,TEST_CODIGO,PREG_CODIGO,ALT_CODIGO,VALOR_PUNTAJE) values ('3','2','9','76','50');
Insert into EVALUACIONES.DETALLE_EVALUACION (ALUMNO_CODIGO,TEST_CODIGO,PREG_CODIGO,ALT_CODIGO,VALOR_PUNTAJE) values ('3','2','10','77','50');
Insert into EVALUACIONES.DETALLE_EVALUACION (ALUMNO_CODIGO,TEST_CODIGO,PREG_CODIGO,ALT_CODIGO,VALOR_PUNTAJE) values ('3','2','10','79','50');
Insert into EVALUACIONES.DETALLE_EVALUACION (ALUMNO_CODIGO,TEST_CODIGO,PREG_CODIGO,ALT_CODIGO,VALOR_PUNTAJE) values ('4','1','1','1','50');
Insert into EVALUACIONES.DETALLE_EVALUACION (ALUMNO_CODIGO,TEST_CODIGO,PREG_CODIGO,ALT_CODIGO,VALOR_PUNTAJE) values ('4','1','1','4','50');
Insert into EVALUACIONES.DETALLE_EVALUACION (ALUMNO_CODIGO,TEST_CODIGO,PREG_CODIGO,ALT_CODIGO,VALOR_PUNTAJE) values ('4','1','2','5','25');
Insert into EVALUACIONES.DETALLE_EVALUACION (ALUMNO_CODIGO,TEST_CODIGO,PREG_CODIGO,ALT_CODIGO,VALOR_PUNTAJE) values ('4','1','2','6','25');
Insert into EVALUACIONES.DETALLE_EVALUACION (ALUMNO_CODIGO,TEST_CODIGO,PREG_CODIGO,ALT_CODIGO,VALOR_PUNTAJE) values ('4','1','2','7','25');
Insert into EVALUACIONES.DETALLE_EVALUACION (ALUMNO_CODIGO,TEST_CODIGO,PREG_CODIGO,ALT_CODIGO,VALOR_PUNTAJE) values ('4','1','2','8','25');
Insert into EVALUACIONES.DETALLE_EVALUACION (ALUMNO_CODIGO,TEST_CODIGO,PREG_CODIGO,ALT_CODIGO,VALOR_PUNTAJE) values ('4','1','3','10','50');
Insert into EVALUACIONES.DETALLE_EVALUACION (ALUMNO_CODIGO,TEST_CODIGO,PREG_CODIGO,ALT_CODIGO,VALOR_PUNTAJE) values ('4','1','3','11','50');
Insert into EVALUACIONES.DETALLE_EVALUACION (ALUMNO_CODIGO,TEST_CODIGO,PREG_CODIGO,ALT_CODIGO,VALOR_PUNTAJE) values ('4','1','4','15','50');
Insert into EVALUACIONES.DETALLE_EVALUACION (ALUMNO_CODIGO,TEST_CODIGO,PREG_CODIGO,ALT_CODIGO,VALOR_PUNTAJE) values ('4','1','4','16','50');
Insert into EVALUACIONES.DETALLE_EVALUACION (ALUMNO_CODIGO,TEST_CODIGO,PREG_CODIGO,ALT_CODIGO,VALOR_PUNTAJE) values ('4','1','5','18','50');
Insert into EVALUACIONES.DETALLE_EVALUACION (ALUMNO_CODIGO,TEST_CODIGO,PREG_CODIGO,ALT_CODIGO,VALOR_PUNTAJE) values ('4','1','5','20','50');
Insert into EVALUACIONES.DETALLE_EVALUACION (ALUMNO_CODIGO,TEST_CODIGO,PREG_CODIGO,ALT_CODIGO,VALOR_PUNTAJE) values ('4','1','6','21','50');
Insert into EVALUACIONES.DETALLE_EVALUACION (ALUMNO_CODIGO,TEST_CODIGO,PREG_CODIGO,ALT_CODIGO,VALOR_PUNTAJE) values ('4','1','6','22','50');
Insert into EVALUACIONES.DETALLE_EVALUACION (ALUMNO_CODIGO,TEST_CODIGO,PREG_CODIGO,ALT_CODIGO,VALOR_PUNTAJE) values ('4','1','7','25','50');
Insert into EVALUACIONES.DETALLE_EVALUACION (ALUMNO_CODIGO,TEST_CODIGO,PREG_CODIGO,ALT_CODIGO,VALOR_PUNTAJE) values ('4','1','7','26','50');
Insert into EVALUACIONES.DETALLE_EVALUACION (ALUMNO_CODIGO,TEST_CODIGO,PREG_CODIGO,ALT_CODIGO,VALOR_PUNTAJE) values ('4','1','8','31','50');
Insert into EVALUACIONES.DETALLE_EVALUACION (ALUMNO_CODIGO,TEST_CODIGO,PREG_CODIGO,ALT_CODIGO,VALOR_PUNTAJE) values ('4','1','8','32','50');
Insert into EVALUACIONES.DETALLE_EVALUACION (ALUMNO_CODIGO,TEST_CODIGO,PREG_CODIGO,ALT_CODIGO,VALOR_PUNTAJE) values ('4','1','9','33','25');
Insert into EVALUACIONES.DETALLE_EVALUACION (ALUMNO_CODIGO,TEST_CODIGO,PREG_CODIGO,ALT_CODIGO,VALOR_PUNTAJE) values ('4','1','9','34','25');
Insert into EVALUACIONES.DETALLE_EVALUACION (ALUMNO_CODIGO,TEST_CODIGO,PREG_CODIGO,ALT_CODIGO,VALOR_PUNTAJE) values ('4','1','9','35','25');
Insert into EVALUACIONES.DETALLE_EVALUACION (ALUMNO_CODIGO,TEST_CODIGO,PREG_CODIGO,ALT_CODIGO,VALOR_PUNTAJE) values ('4','1','9','36','25');
Insert into EVALUACIONES.DETALLE_EVALUACION (ALUMNO_CODIGO,TEST_CODIGO,PREG_CODIGO,ALT_CODIGO,VALOR_PUNTAJE) values ('4','1','10','37','25');
Insert into EVALUACIONES.DETALLE_EVALUACION (ALUMNO_CODIGO,TEST_CODIGO,PREG_CODIGO,ALT_CODIGO,VALOR_PUNTAJE) values ('4','1','10','38','25');
Insert into EVALUACIONES.DETALLE_EVALUACION (ALUMNO_CODIGO,TEST_CODIGO,PREG_CODIGO,ALT_CODIGO,VALOR_PUNTAJE) values ('4','1','10','39','25');
Insert into EVALUACIONES.DETALLE_EVALUACION (ALUMNO_CODIGO,TEST_CODIGO,PREG_CODIGO,ALT_CODIGO,VALOR_PUNTAJE) values ('4','1','10','40','25');
Insert into EVALUACIONES.DETALLE_EVALUACION (ALUMNO_CODIGO,TEST_CODIGO,PREG_CODIGO,ALT_CODIGO,VALOR_PUNTAJE) values ('4','2','1','41','25');
Insert into EVALUACIONES.DETALLE_EVALUACION (ALUMNO_CODIGO,TEST_CODIGO,PREG_CODIGO,ALT_CODIGO,VALOR_PUNTAJE) values ('4','2','1','42','25');
Insert into EVALUACIONES.DETALLE_EVALUACION (ALUMNO_CODIGO,TEST_CODIGO,PREG_CODIGO,ALT_CODIGO,VALOR_PUNTAJE) values ('4','2','1','43','25');
Insert into EVALUACIONES.DETALLE_EVALUACION (ALUMNO_CODIGO,TEST_CODIGO,PREG_CODIGO,ALT_CODIGO,VALOR_PUNTAJE) values ('4','2','1','44','25');
Insert into EVALUACIONES.DETALLE_EVALUACION (ALUMNO_CODIGO,TEST_CODIGO,PREG_CODIGO,ALT_CODIGO,VALOR_PUNTAJE) values ('4','2','2','45','25');
Insert into EVALUACIONES.DETALLE_EVALUACION (ALUMNO_CODIGO,TEST_CODIGO,PREG_CODIGO,ALT_CODIGO,VALOR_PUNTAJE) values ('4','2','2','46','25');
Insert into EVALUACIONES.DETALLE_EVALUACION (ALUMNO_CODIGO,TEST_CODIGO,PREG_CODIGO,ALT_CODIGO,VALOR_PUNTAJE) values ('4','2','2','47','25');
Insert into EVALUACIONES.DETALLE_EVALUACION (ALUMNO_CODIGO,TEST_CODIGO,PREG_CODIGO,ALT_CODIGO,VALOR_PUNTAJE) values ('4','2','2','48','25');
Insert into EVALUACIONES.DETALLE_EVALUACION (ALUMNO_CODIGO,TEST_CODIGO,PREG_CODIGO,ALT_CODIGO,VALOR_PUNTAJE) values ('4','2','3','49','50');
Insert into EVALUACIONES.DETALLE_EVALUACION (ALUMNO_CODIGO,TEST_CODIGO,PREG_CODIGO,ALT_CODIGO,VALOR_PUNTAJE) values ('4','2','3','51','50');
Insert into EVALUACIONES.DETALLE_EVALUACION (ALUMNO_CODIGO,TEST_CODIGO,PREG_CODIGO,ALT_CODIGO,VALOR_PUNTAJE) values ('4','2','4','53','50');
Insert into EVALUACIONES.DETALLE_EVALUACION (ALUMNO_CODIGO,TEST_CODIGO,PREG_CODIGO,ALT_CODIGO,VALOR_PUNTAJE) values ('4','2','4','56','50');
Insert into EVALUACIONES.DETALLE_EVALUACION (ALUMNO_CODIGO,TEST_CODIGO,PREG_CODIGO,ALT_CODIGO,VALOR_PUNTAJE) values ('4','2','5','57','25');
Insert into EVALUACIONES.DETALLE_EVALUACION (ALUMNO_CODIGO,TEST_CODIGO,PREG_CODIGO,ALT_CODIGO,VALOR_PUNTAJE) values ('4','2','5','58','25');
Insert into EVALUACIONES.DETALLE_EVALUACION (ALUMNO_CODIGO,TEST_CODIGO,PREG_CODIGO,ALT_CODIGO,VALOR_PUNTAJE) values ('4','2','5','59','25');
Insert into EVALUACIONES.DETALLE_EVALUACION (ALUMNO_CODIGO,TEST_CODIGO,PREG_CODIGO,ALT_CODIGO,VALOR_PUNTAJE) values ('4','2','5','60','25');
Insert into EVALUACIONES.DETALLE_EVALUACION (ALUMNO_CODIGO,TEST_CODIGO,PREG_CODIGO,ALT_CODIGO,VALOR_PUNTAJE) values ('4','2','6','61','25');
Insert into EVALUACIONES.DETALLE_EVALUACION (ALUMNO_CODIGO,TEST_CODIGO,PREG_CODIGO,ALT_CODIGO,VALOR_PUNTAJE) values ('4','2','6','62','25');
Insert into EVALUACIONES.DETALLE_EVALUACION (ALUMNO_CODIGO,TEST_CODIGO,PREG_CODIGO,ALT_CODIGO,VALOR_PUNTAJE) values ('4','2','6','63','25');
Insert into EVALUACIONES.DETALLE_EVALUACION (ALUMNO_CODIGO,TEST_CODIGO,PREG_CODIGO,ALT_CODIGO,VALOR_PUNTAJE) values ('4','2','6','64','25');
Insert into EVALUACIONES.DETALLE_EVALUACION (ALUMNO_CODIGO,TEST_CODIGO,PREG_CODIGO,ALT_CODIGO,VALOR_PUNTAJE) values ('4','2','7','65','25');
Insert into EVALUACIONES.DETALLE_EVALUACION (ALUMNO_CODIGO,TEST_CODIGO,PREG_CODIGO,ALT_CODIGO,VALOR_PUNTAJE) values ('4','2','7','66','25');
Insert into EVALUACIONES.DETALLE_EVALUACION (ALUMNO_CODIGO,TEST_CODIGO,PREG_CODIGO,ALT_CODIGO,VALOR_PUNTAJE) values ('4','2','7','67','25');
Insert into EVALUACIONES.DETALLE_EVALUACION (ALUMNO_CODIGO,TEST_CODIGO,PREG_CODIGO,ALT_CODIGO,VALOR_PUNTAJE) values ('4','2','7','68','25');
Insert into EVALUACIONES.DETALLE_EVALUACION (ALUMNO_CODIGO,TEST_CODIGO,PREG_CODIGO,ALT_CODIGO,VALOR_PUNTAJE) values ('4','2','8','69','50');
Insert into EVALUACIONES.DETALLE_EVALUACION (ALUMNO_CODIGO,TEST_CODIGO,PREG_CODIGO,ALT_CODIGO,VALOR_PUNTAJE) values ('4','2','8','72','50');
Insert into EVALUACIONES.DETALLE_EVALUACION (ALUMNO_CODIGO,TEST_CODIGO,PREG_CODIGO,ALT_CODIGO,VALOR_PUNTAJE) values ('4','2','9','73','50');
Insert into EVALUACIONES.DETALLE_EVALUACION (ALUMNO_CODIGO,TEST_CODIGO,PREG_CODIGO,ALT_CODIGO,VALOR_PUNTAJE) values ('4','2','9','76','50');
Insert into EVALUACIONES.DETALLE_EVALUACION (ALUMNO_CODIGO,TEST_CODIGO,PREG_CODIGO,ALT_CODIGO,VALOR_PUNTAJE) values ('4','2','10','77','50');
Insert into EVALUACIONES.DETALLE_EVALUACION (ALUMNO_CODIGO,TEST_CODIGO,PREG_CODIGO,ALT_CODIGO,VALOR_PUNTAJE) values ('4','2','10','79','50');
Insert into EVALUACIONES.DETALLE_EVALUACION (ALUMNO_CODIGO,TEST_CODIGO,PREG_CODIGO,ALT_CODIGO,VALOR_PUNTAJE) values ('5','1','1','1','50');
Insert into EVALUACIONES.DETALLE_EVALUACION (ALUMNO_CODIGO,TEST_CODIGO,PREG_CODIGO,ALT_CODIGO,VALOR_PUNTAJE) values ('5','1','1','4','50');
Insert into EVALUACIONES.DETALLE_EVALUACION (ALUMNO_CODIGO,TEST_CODIGO,PREG_CODIGO,ALT_CODIGO,VALOR_PUNTAJE) values ('5','1','2','5','25');
Insert into EVALUACIONES.DETALLE_EVALUACION (ALUMNO_CODIGO,TEST_CODIGO,PREG_CODIGO,ALT_CODIGO,VALOR_PUNTAJE) values ('5','1','2','6','25');
Insert into EVALUACIONES.DETALLE_EVALUACION (ALUMNO_CODIGO,TEST_CODIGO,PREG_CODIGO,ALT_CODIGO,VALOR_PUNTAJE) values ('5','1','2','7','25');
Insert into EVALUACIONES.DETALLE_EVALUACION (ALUMNO_CODIGO,TEST_CODIGO,PREG_CODIGO,ALT_CODIGO,VALOR_PUNTAJE) values ('5','1','2','8','25');
Insert into EVALUACIONES.DETALLE_EVALUACION (ALUMNO_CODIGO,TEST_CODIGO,PREG_CODIGO,ALT_CODIGO,VALOR_PUNTAJE) values ('5','1','3','10','50');
Insert into EVALUACIONES.DETALLE_EVALUACION (ALUMNO_CODIGO,TEST_CODIGO,PREG_CODIGO,ALT_CODIGO,VALOR_PUNTAJE) values ('5','1','3','11','50');
Insert into EVALUACIONES.DETALLE_EVALUACION (ALUMNO_CODIGO,TEST_CODIGO,PREG_CODIGO,ALT_CODIGO,VALOR_PUNTAJE) values ('5','1','4','15','50');
Insert into EVALUACIONES.DETALLE_EVALUACION (ALUMNO_CODIGO,TEST_CODIGO,PREG_CODIGO,ALT_CODIGO,VALOR_PUNTAJE) values ('5','1','4','16','50');
Insert into EVALUACIONES.DETALLE_EVALUACION (ALUMNO_CODIGO,TEST_CODIGO,PREG_CODIGO,ALT_CODIGO,VALOR_PUNTAJE) values ('5','1','5','18','50');
Insert into EVALUACIONES.DETALLE_EVALUACION (ALUMNO_CODIGO,TEST_CODIGO,PREG_CODIGO,ALT_CODIGO,VALOR_PUNTAJE) values ('5','1','5','20','50');
Insert into EVALUACIONES.DETALLE_EVALUACION (ALUMNO_CODIGO,TEST_CODIGO,PREG_CODIGO,ALT_CODIGO,VALOR_PUNTAJE) values ('5','1','6','21','50');
Insert into EVALUACIONES.DETALLE_EVALUACION (ALUMNO_CODIGO,TEST_CODIGO,PREG_CODIGO,ALT_CODIGO,VALOR_PUNTAJE) values ('5','1','6','22','50');
Insert into EVALUACIONES.DETALLE_EVALUACION (ALUMNO_CODIGO,TEST_CODIGO,PREG_CODIGO,ALT_CODIGO,VALOR_PUNTAJE) values ('5','1','7','25','50');
Insert into EVALUACIONES.DETALLE_EVALUACION (ALUMNO_CODIGO,TEST_CODIGO,PREG_CODIGO,ALT_CODIGO,VALOR_PUNTAJE) values ('5','1','7','26','50');
Insert into EVALUACIONES.DETALLE_EVALUACION (ALUMNO_CODIGO,TEST_CODIGO,PREG_CODIGO,ALT_CODIGO,VALOR_PUNTAJE) values ('5','1','8','31','50');
Insert into EVALUACIONES.DETALLE_EVALUACION (ALUMNO_CODIGO,TEST_CODIGO,PREG_CODIGO,ALT_CODIGO,VALOR_PUNTAJE) values ('5','1','8','32','50');
Insert into EVALUACIONES.DETALLE_EVALUACION (ALUMNO_CODIGO,TEST_CODIGO,PREG_CODIGO,ALT_CODIGO,VALOR_PUNTAJE) values ('5','1','9','33','25');
Insert into EVALUACIONES.DETALLE_EVALUACION (ALUMNO_CODIGO,TEST_CODIGO,PREG_CODIGO,ALT_CODIGO,VALOR_PUNTAJE) values ('5','1','9','34','25');
Insert into EVALUACIONES.DETALLE_EVALUACION (ALUMNO_CODIGO,TEST_CODIGO,PREG_CODIGO,ALT_CODIGO,VALOR_PUNTAJE) values ('5','1','9','35','25');
Insert into EVALUACIONES.DETALLE_EVALUACION (ALUMNO_CODIGO,TEST_CODIGO,PREG_CODIGO,ALT_CODIGO,VALOR_PUNTAJE) values ('5','1','9','36','25');
Insert into EVALUACIONES.DETALLE_EVALUACION (ALUMNO_CODIGO,TEST_CODIGO,PREG_CODIGO,ALT_CODIGO,VALOR_PUNTAJE) values ('5','1','10','37','25');
Insert into EVALUACIONES.DETALLE_EVALUACION (ALUMNO_CODIGO,TEST_CODIGO,PREG_CODIGO,ALT_CODIGO,VALOR_PUNTAJE) values ('5','1','10','38','25');
Insert into EVALUACIONES.DETALLE_EVALUACION (ALUMNO_CODIGO,TEST_CODIGO,PREG_CODIGO,ALT_CODIGO,VALOR_PUNTAJE) values ('5','1','10','39','25');
Insert into EVALUACIONES.DETALLE_EVALUACION (ALUMNO_CODIGO,TEST_CODIGO,PREG_CODIGO,ALT_CODIGO,VALOR_PUNTAJE) values ('5','1','10','40','25');
Insert into EVALUACIONES.DETALLE_EVALUACION (ALUMNO_CODIGO,TEST_CODIGO,PREG_CODIGO,ALT_CODIGO,VALOR_PUNTAJE) values ('5','2','1','41','25');
Insert into EVALUACIONES.DETALLE_EVALUACION (ALUMNO_CODIGO,TEST_CODIGO,PREG_CODIGO,ALT_CODIGO,VALOR_PUNTAJE) values ('5','2','1','42','25');
Insert into EVALUACIONES.DETALLE_EVALUACION (ALUMNO_CODIGO,TEST_CODIGO,PREG_CODIGO,ALT_CODIGO,VALOR_PUNTAJE) values ('5','2','1','43','25');
Insert into EVALUACIONES.DETALLE_EVALUACION (ALUMNO_CODIGO,TEST_CODIGO,PREG_CODIGO,ALT_CODIGO,VALOR_PUNTAJE) values ('5','2','1','44','25');
Insert into EVALUACIONES.DETALLE_EVALUACION (ALUMNO_CODIGO,TEST_CODIGO,PREG_CODIGO,ALT_CODIGO,VALOR_PUNTAJE) values ('5','2','2','45','25');
Insert into EVALUACIONES.DETALLE_EVALUACION (ALUMNO_CODIGO,TEST_CODIGO,PREG_CODIGO,ALT_CODIGO,VALOR_PUNTAJE) values ('5','2','2','46','25');
Insert into EVALUACIONES.DETALLE_EVALUACION (ALUMNO_CODIGO,TEST_CODIGO,PREG_CODIGO,ALT_CODIGO,VALOR_PUNTAJE) values ('5','2','2','47','25');
Insert into EVALUACIONES.DETALLE_EVALUACION (ALUMNO_CODIGO,TEST_CODIGO,PREG_CODIGO,ALT_CODIGO,VALOR_PUNTAJE) values ('5','2','2','48','25');
Insert into EVALUACIONES.DETALLE_EVALUACION (ALUMNO_CODIGO,TEST_CODIGO,PREG_CODIGO,ALT_CODIGO,VALOR_PUNTAJE) values ('5','2','3','49','50');
Insert into EVALUACIONES.DETALLE_EVALUACION (ALUMNO_CODIGO,TEST_CODIGO,PREG_CODIGO,ALT_CODIGO,VALOR_PUNTAJE) values ('5','2','3','51','50');
Insert into EVALUACIONES.DETALLE_EVALUACION (ALUMNO_CODIGO,TEST_CODIGO,PREG_CODIGO,ALT_CODIGO,VALOR_PUNTAJE) values ('5','2','4','53','50');
Insert into EVALUACIONES.DETALLE_EVALUACION (ALUMNO_CODIGO,TEST_CODIGO,PREG_CODIGO,ALT_CODIGO,VALOR_PUNTAJE) values ('5','2','4','56','50');
Insert into EVALUACIONES.DETALLE_EVALUACION (ALUMNO_CODIGO,TEST_CODIGO,PREG_CODIGO,ALT_CODIGO,VALOR_PUNTAJE) values ('5','2','5','57','25');
Insert into EVALUACIONES.DETALLE_EVALUACION (ALUMNO_CODIGO,TEST_CODIGO,PREG_CODIGO,ALT_CODIGO,VALOR_PUNTAJE) values ('5','2','5','58','25');
Insert into EVALUACIONES.DETALLE_EVALUACION (ALUMNO_CODIGO,TEST_CODIGO,PREG_CODIGO,ALT_CODIGO,VALOR_PUNTAJE) values ('5','2','5','59','25');
Insert into EVALUACIONES.DETALLE_EVALUACION (ALUMNO_CODIGO,TEST_CODIGO,PREG_CODIGO,ALT_CODIGO,VALOR_PUNTAJE) values ('5','2','5','60','25');
Insert into EVALUACIONES.DETALLE_EVALUACION (ALUMNO_CODIGO,TEST_CODIGO,PREG_CODIGO,ALT_CODIGO,VALOR_PUNTAJE) values ('5','2','6','61','25');
Insert into EVALUACIONES.DETALLE_EVALUACION (ALUMNO_CODIGO,TEST_CODIGO,PREG_CODIGO,ALT_CODIGO,VALOR_PUNTAJE) values ('5','2','6','62','25');
Insert into EVALUACIONES.DETALLE_EVALUACION (ALUMNO_CODIGO,TEST_CODIGO,PREG_CODIGO,ALT_CODIGO,VALOR_PUNTAJE) values ('5','2','6','63','25');
Insert into EVALUACIONES.DETALLE_EVALUACION (ALUMNO_CODIGO,TEST_CODIGO,PREG_CODIGO,ALT_CODIGO,VALOR_PUNTAJE) values ('5','2','6','64','25');
Insert into EVALUACIONES.DETALLE_EVALUACION (ALUMNO_CODIGO,TEST_CODIGO,PREG_CODIGO,ALT_CODIGO,VALOR_PUNTAJE) values ('5','2','7','65','25');
Insert into EVALUACIONES.DETALLE_EVALUACION (ALUMNO_CODIGO,TEST_CODIGO,PREG_CODIGO,ALT_CODIGO,VALOR_PUNTAJE) values ('5','2','7','66','25');
Insert into EVALUACIONES.DETALLE_EVALUACION (ALUMNO_CODIGO,TEST_CODIGO,PREG_CODIGO,ALT_CODIGO,VALOR_PUNTAJE) values ('5','2','7','67','25');
Insert into EVALUACIONES.DETALLE_EVALUACION (ALUMNO_CODIGO,TEST_CODIGO,PREG_CODIGO,ALT_CODIGO,VALOR_PUNTAJE) values ('5','2','7','68','25');
Insert into EVALUACIONES.DETALLE_EVALUACION (ALUMNO_CODIGO,TEST_CODIGO,PREG_CODIGO,ALT_CODIGO,VALOR_PUNTAJE) values ('5','2','8','69','50');
Insert into EVALUACIONES.DETALLE_EVALUACION (ALUMNO_CODIGO,TEST_CODIGO,PREG_CODIGO,ALT_CODIGO,VALOR_PUNTAJE) values ('5','2','8','72','50');
Insert into EVALUACIONES.DETALLE_EVALUACION (ALUMNO_CODIGO,TEST_CODIGO,PREG_CODIGO,ALT_CODIGO,VALOR_PUNTAJE) values ('5','2','9','73','50');
Insert into EVALUACIONES.DETALLE_EVALUACION (ALUMNO_CODIGO,TEST_CODIGO,PREG_CODIGO,ALT_CODIGO,VALOR_PUNTAJE) values ('5','2','9','76','50');
Insert into EVALUACIONES.DETALLE_EVALUACION (ALUMNO_CODIGO,TEST_CODIGO,PREG_CODIGO,ALT_CODIGO,VALOR_PUNTAJE) values ('5','2','10','77','50');
Insert into EVALUACIONES.DETALLE_EVALUACION (ALUMNO_CODIGO,TEST_CODIGO,PREG_CODIGO,ALT_CODIGO,VALOR_PUNTAJE) values ('5','2','10','79','50');
Insert into EVALUACIONES.DETALLE_EVALUACION (ALUMNO_CODIGO,TEST_CODIGO,PREG_CODIGO,ALT_CODIGO,VALOR_PUNTAJE) values ('6','1','1','1','50');
Insert into EVALUACIONES.DETALLE_EVALUACION (ALUMNO_CODIGO,TEST_CODIGO,PREG_CODIGO,ALT_CODIGO,VALOR_PUNTAJE) values ('6','1','1','4','50');
Insert into EVALUACIONES.DETALLE_EVALUACION (ALUMNO_CODIGO,TEST_CODIGO,PREG_CODIGO,ALT_CODIGO,VALOR_PUNTAJE) values ('6','1','2','5','25');
Insert into EVALUACIONES.DETALLE_EVALUACION (ALUMNO_CODIGO,TEST_CODIGO,PREG_CODIGO,ALT_CODIGO,VALOR_PUNTAJE) values ('6','1','2','6','25');
Insert into EVALUACIONES.DETALLE_EVALUACION (ALUMNO_CODIGO,TEST_CODIGO,PREG_CODIGO,ALT_CODIGO,VALOR_PUNTAJE) values ('6','1','2','7','25');
Insert into EVALUACIONES.DETALLE_EVALUACION (ALUMNO_CODIGO,TEST_CODIGO,PREG_CODIGO,ALT_CODIGO,VALOR_PUNTAJE) values ('6','1','2','8','25');
Insert into EVALUACIONES.DETALLE_EVALUACION (ALUMNO_CODIGO,TEST_CODIGO,PREG_CODIGO,ALT_CODIGO,VALOR_PUNTAJE) values ('6','1','3','10','50');
Insert into EVALUACIONES.DETALLE_EVALUACION (ALUMNO_CODIGO,TEST_CODIGO,PREG_CODIGO,ALT_CODIGO,VALOR_PUNTAJE) values ('6','1','3','11','50');
Insert into EVALUACIONES.DETALLE_EVALUACION (ALUMNO_CODIGO,TEST_CODIGO,PREG_CODIGO,ALT_CODIGO,VALOR_PUNTAJE) values ('6','1','4','15','50');
Insert into EVALUACIONES.DETALLE_EVALUACION (ALUMNO_CODIGO,TEST_CODIGO,PREG_CODIGO,ALT_CODIGO,VALOR_PUNTAJE) values ('6','1','4','16','50');
Insert into EVALUACIONES.DETALLE_EVALUACION (ALUMNO_CODIGO,TEST_CODIGO,PREG_CODIGO,ALT_CODIGO,VALOR_PUNTAJE) values ('6','1','5','18','50');
Insert into EVALUACIONES.DETALLE_EVALUACION (ALUMNO_CODIGO,TEST_CODIGO,PREG_CODIGO,ALT_CODIGO,VALOR_PUNTAJE) values ('6','1','5','20','50');
Insert into EVALUACIONES.DETALLE_EVALUACION (ALUMNO_CODIGO,TEST_CODIGO,PREG_CODIGO,ALT_CODIGO,VALOR_PUNTAJE) values ('6','1','6','21','50');
Insert into EVALUACIONES.DETALLE_EVALUACION (ALUMNO_CODIGO,TEST_CODIGO,PREG_CODIGO,ALT_CODIGO,VALOR_PUNTAJE) values ('6','1','6','22','50');
Insert into EVALUACIONES.DETALLE_EVALUACION (ALUMNO_CODIGO,TEST_CODIGO,PREG_CODIGO,ALT_CODIGO,VALOR_PUNTAJE) values ('6','1','7','25','50');
Insert into EVALUACIONES.DETALLE_EVALUACION (ALUMNO_CODIGO,TEST_CODIGO,PREG_CODIGO,ALT_CODIGO,VALOR_PUNTAJE) values ('6','1','7','26','50');
Insert into EVALUACIONES.DETALLE_EVALUACION (ALUMNO_CODIGO,TEST_CODIGO,PREG_CODIGO,ALT_CODIGO,VALOR_PUNTAJE) values ('6','1','8','31','50');
Insert into EVALUACIONES.DETALLE_EVALUACION (ALUMNO_CODIGO,TEST_CODIGO,PREG_CODIGO,ALT_CODIGO,VALOR_PUNTAJE) values ('6','1','8','32','50');
Insert into EVALUACIONES.DETALLE_EVALUACION (ALUMNO_CODIGO,TEST_CODIGO,PREG_CODIGO,ALT_CODIGO,VALOR_PUNTAJE) values ('6','1','9','33','25');
Insert into EVALUACIONES.DETALLE_EVALUACION (ALUMNO_CODIGO,TEST_CODIGO,PREG_CODIGO,ALT_CODIGO,VALOR_PUNTAJE) values ('6','1','9','34','25');
Insert into EVALUACIONES.DETALLE_EVALUACION (ALUMNO_CODIGO,TEST_CODIGO,PREG_CODIGO,ALT_CODIGO,VALOR_PUNTAJE) values ('6','1','9','35','25');
Insert into EVALUACIONES.DETALLE_EVALUACION (ALUMNO_CODIGO,TEST_CODIGO,PREG_CODIGO,ALT_CODIGO,VALOR_PUNTAJE) values ('6','1','9','36','25');
Insert into EVALUACIONES.DETALLE_EVALUACION (ALUMNO_CODIGO,TEST_CODIGO,PREG_CODIGO,ALT_CODIGO,VALOR_PUNTAJE) values ('6','1','10','37','25');
Insert into EVALUACIONES.DETALLE_EVALUACION (ALUMNO_CODIGO,TEST_CODIGO,PREG_CODIGO,ALT_CODIGO,VALOR_PUNTAJE) values ('6','1','10','38','25');
Insert into EVALUACIONES.DETALLE_EVALUACION (ALUMNO_CODIGO,TEST_CODIGO,PREG_CODIGO,ALT_CODIGO,VALOR_PUNTAJE) values ('6','1','10','39','25');
Insert into EVALUACIONES.DETALLE_EVALUACION (ALUMNO_CODIGO,TEST_CODIGO,PREG_CODIGO,ALT_CODIGO,VALOR_PUNTAJE) values ('6','1','10','40','25');
Insert into EVALUACIONES.DETALLE_EVALUACION (ALUMNO_CODIGO,TEST_CODIGO,PREG_CODIGO,ALT_CODIGO,VALOR_PUNTAJE) values ('6','2','1','41','25');
Insert into EVALUACIONES.DETALLE_EVALUACION (ALUMNO_CODIGO,TEST_CODIGO,PREG_CODIGO,ALT_CODIGO,VALOR_PUNTAJE) values ('7','2','1','42','25');
Insert into EVALUACIONES.DETALLE_EVALUACION (ALUMNO_CODIGO,TEST_CODIGO,PREG_CODIGO,ALT_CODIGO,VALOR_PUNTAJE) values ('7','2','1','43','25');
Insert into EVALUACIONES.DETALLE_EVALUACION (ALUMNO_CODIGO,TEST_CODIGO,PREG_CODIGO,ALT_CODIGO,VALOR_PUNTAJE) values ('7','2','1','44','25');
Insert into EVALUACIONES.DETALLE_EVALUACION (ALUMNO_CODIGO,TEST_CODIGO,PREG_CODIGO,ALT_CODIGO,VALOR_PUNTAJE) values ('7','2','2','45','25');
Insert into EVALUACIONES.DETALLE_EVALUACION (ALUMNO_CODIGO,TEST_CODIGO,PREG_CODIGO,ALT_CODIGO,VALOR_PUNTAJE) values ('7','2','2','46','25');
Insert into EVALUACIONES.DETALLE_EVALUACION (ALUMNO_CODIGO,TEST_CODIGO,PREG_CODIGO,ALT_CODIGO,VALOR_PUNTAJE) values ('7','2','2','47','25');
Insert into EVALUACIONES.DETALLE_EVALUACION (ALUMNO_CODIGO,TEST_CODIGO,PREG_CODIGO,ALT_CODIGO,VALOR_PUNTAJE) values ('7','2','2','48','25');
Insert into EVALUACIONES.DETALLE_EVALUACION (ALUMNO_CODIGO,TEST_CODIGO,PREG_CODIGO,ALT_CODIGO,VALOR_PUNTAJE) values ('7','2','3','49','50');
Insert into EVALUACIONES.DETALLE_EVALUACION (ALUMNO_CODIGO,TEST_CODIGO,PREG_CODIGO,ALT_CODIGO,VALOR_PUNTAJE) values ('7','2','3','51','50');
Insert into EVALUACIONES.DETALLE_EVALUACION (ALUMNO_CODIGO,TEST_CODIGO,PREG_CODIGO,ALT_CODIGO,VALOR_PUNTAJE) values ('7','2','4','53','50');
Insert into EVALUACIONES.DETALLE_EVALUACION (ALUMNO_CODIGO,TEST_CODIGO,PREG_CODIGO,ALT_CODIGO,VALOR_PUNTAJE) values ('7','2','4','56','50');
Insert into EVALUACIONES.DETALLE_EVALUACION (ALUMNO_CODIGO,TEST_CODIGO,PREG_CODIGO,ALT_CODIGO,VALOR_PUNTAJE) values ('7','2','5','57','25');
Insert into EVALUACIONES.DETALLE_EVALUACION (ALUMNO_CODIGO,TEST_CODIGO,PREG_CODIGO,ALT_CODIGO,VALOR_PUNTAJE) values ('7','2','5','58','25');
Insert into EVALUACIONES.DETALLE_EVALUACION (ALUMNO_CODIGO,TEST_CODIGO,PREG_CODIGO,ALT_CODIGO,VALOR_PUNTAJE) values ('7','2','5','59','25');
Insert into EVALUACIONES.DETALLE_EVALUACION (ALUMNO_CODIGO,TEST_CODIGO,PREG_CODIGO,ALT_CODIGO,VALOR_PUNTAJE) values ('7','2','5','60','25');
Insert into EVALUACIONES.DETALLE_EVALUACION (ALUMNO_CODIGO,TEST_CODIGO,PREG_CODIGO,ALT_CODIGO,VALOR_PUNTAJE) values ('7','2','6','61','25');
Insert into EVALUACIONES.DETALLE_EVALUACION (ALUMNO_CODIGO,TEST_CODIGO,PREG_CODIGO,ALT_CODIGO,VALOR_PUNTAJE) values ('7','2','6','62','25');
Insert into EVALUACIONES.DETALLE_EVALUACION (ALUMNO_CODIGO,TEST_CODIGO,PREG_CODIGO,ALT_CODIGO,VALOR_PUNTAJE) values ('7','2','6','63','25');
Insert into EVALUACIONES.DETALLE_EVALUACION (ALUMNO_CODIGO,TEST_CODIGO,PREG_CODIGO,ALT_CODIGO,VALOR_PUNTAJE) values ('7','2','6','64','25');
Insert into EVALUACIONES.DETALLE_EVALUACION (ALUMNO_CODIGO,TEST_CODIGO,PREG_CODIGO,ALT_CODIGO,VALOR_PUNTAJE) values ('7','2','7','65','25');
Insert into EVALUACIONES.DETALLE_EVALUACION (ALUMNO_CODIGO,TEST_CODIGO,PREG_CODIGO,ALT_CODIGO,VALOR_PUNTAJE) values ('7','2','7','66','25');
Insert into EVALUACIONES.DETALLE_EVALUACION (ALUMNO_CODIGO,TEST_CODIGO,PREG_CODIGO,ALT_CODIGO,VALOR_PUNTAJE) values ('7','2','7','67','25');
Insert into EVALUACIONES.DETALLE_EVALUACION (ALUMNO_CODIGO,TEST_CODIGO,PREG_CODIGO,ALT_CODIGO,VALOR_PUNTAJE) values ('7','2','7','68','25');
Insert into EVALUACIONES.DETALLE_EVALUACION (ALUMNO_CODIGO,TEST_CODIGO,PREG_CODIGO,ALT_CODIGO,VALOR_PUNTAJE) values ('7','2','8','69','50');
Insert into EVALUACIONES.DETALLE_EVALUACION (ALUMNO_CODIGO,TEST_CODIGO,PREG_CODIGO,ALT_CODIGO,VALOR_PUNTAJE) values ('7','2','8','72','50');
Insert into EVALUACIONES.DETALLE_EVALUACION (ALUMNO_CODIGO,TEST_CODIGO,PREG_CODIGO,ALT_CODIGO,VALOR_PUNTAJE) values ('7','2','9','73','50');
Insert into EVALUACIONES.DETALLE_EVALUACION (ALUMNO_CODIGO,TEST_CODIGO,PREG_CODIGO,ALT_CODIGO,VALOR_PUNTAJE) values ('7','2','9','76','50');
Insert into EVALUACIONES.DETALLE_EVALUACION (ALUMNO_CODIGO,TEST_CODIGO,PREG_CODIGO,ALT_CODIGO,VALOR_PUNTAJE) values ('7','2','10','77','50');
Insert into EVALUACIONES.DETALLE_EVALUACION (ALUMNO_CODIGO,TEST_CODIGO,PREG_CODIGO,ALT_CODIGO,VALOR_PUNTAJE) values ('7','2','10','79','50');
Insert into EVALUACIONES.DETALLE_EVALUACION (ALUMNO_CODIGO,TEST_CODIGO,PREG_CODIGO,ALT_CODIGO,VALOR_PUNTAJE) values ('8','1','1','1','50');
Insert into EVALUACIONES.DETALLE_EVALUACION (ALUMNO_CODIGO,TEST_CODIGO,PREG_CODIGO,ALT_CODIGO,VALOR_PUNTAJE) values ('8','1','1','4','50');
Insert into EVALUACIONES.DETALLE_EVALUACION (ALUMNO_CODIGO,TEST_CODIGO,PREG_CODIGO,ALT_CODIGO,VALOR_PUNTAJE) values ('8','1','2','5','25');
Insert into EVALUACIONES.DETALLE_EVALUACION (ALUMNO_CODIGO,TEST_CODIGO,PREG_CODIGO,ALT_CODIGO,VALOR_PUNTAJE) values ('8','1','2','6','25');
Insert into EVALUACIONES.DETALLE_EVALUACION (ALUMNO_CODIGO,TEST_CODIGO,PREG_CODIGO,ALT_CODIGO,VALOR_PUNTAJE) values ('8','1','2','7','25');
Insert into EVALUACIONES.DETALLE_EVALUACION (ALUMNO_CODIGO,TEST_CODIGO,PREG_CODIGO,ALT_CODIGO,VALOR_PUNTAJE) values ('8','1','2','8','25');
Insert into EVALUACIONES.DETALLE_EVALUACION (ALUMNO_CODIGO,TEST_CODIGO,PREG_CODIGO,ALT_CODIGO,VALOR_PUNTAJE) values ('8','1','3','10','50');
Insert into EVALUACIONES.DETALLE_EVALUACION (ALUMNO_CODIGO,TEST_CODIGO,PREG_CODIGO,ALT_CODIGO,VALOR_PUNTAJE) values ('8','1','3','11','50');
Insert into EVALUACIONES.DETALLE_EVALUACION (ALUMNO_CODIGO,TEST_CODIGO,PREG_CODIGO,ALT_CODIGO,VALOR_PUNTAJE) values ('8','1','4','15','50');
Insert into EVALUACIONES.DETALLE_EVALUACION (ALUMNO_CODIGO,TEST_CODIGO,PREG_CODIGO,ALT_CODIGO,VALOR_PUNTAJE) values ('8','1','4','16','50');
Insert into EVALUACIONES.DETALLE_EVALUACION (ALUMNO_CODIGO,TEST_CODIGO,PREG_CODIGO,ALT_CODIGO,VALOR_PUNTAJE) values ('8','1','5','18','50');
Insert into EVALUACIONES.DETALLE_EVALUACION (ALUMNO_CODIGO,TEST_CODIGO,PREG_CODIGO,ALT_CODIGO,VALOR_PUNTAJE) values ('8','1','5','20','50');
Insert into EVALUACIONES.DETALLE_EVALUACION (ALUMNO_CODIGO,TEST_CODIGO,PREG_CODIGO,ALT_CODIGO,VALOR_PUNTAJE) values ('8','1','6','21','50');
Insert into EVALUACIONES.DETALLE_EVALUACION (ALUMNO_CODIGO,TEST_CODIGO,PREG_CODIGO,ALT_CODIGO,VALOR_PUNTAJE) values ('8','1','6','22','50');
Insert into EVALUACIONES.DETALLE_EVALUACION (ALUMNO_CODIGO,TEST_CODIGO,PREG_CODIGO,ALT_CODIGO,VALOR_PUNTAJE) values ('8','1','7','25','50');
Insert into EVALUACIONES.DETALLE_EVALUACION (ALUMNO_CODIGO,TEST_CODIGO,PREG_CODIGO,ALT_CODIGO,VALOR_PUNTAJE) values ('8','1','7','26','50');
Insert into EVALUACIONES.DETALLE_EVALUACION (ALUMNO_CODIGO,TEST_CODIGO,PREG_CODIGO,ALT_CODIGO,VALOR_PUNTAJE) values ('8','1','8','31','50');
Insert into EVALUACIONES.DETALLE_EVALUACION (ALUMNO_CODIGO,TEST_CODIGO,PREG_CODIGO,ALT_CODIGO,VALOR_PUNTAJE) values ('8','1','8','32','50');
Insert into EVALUACIONES.DETALLE_EVALUACION (ALUMNO_CODIGO,TEST_CODIGO,PREG_CODIGO,ALT_CODIGO,VALOR_PUNTAJE) values ('8','1','9','33','25');
Insert into EVALUACIONES.DETALLE_EVALUACION (ALUMNO_CODIGO,TEST_CODIGO,PREG_CODIGO,ALT_CODIGO,VALOR_PUNTAJE) values ('8','1','9','34','25');
Insert into EVALUACIONES.DETALLE_EVALUACION (ALUMNO_CODIGO,TEST_CODIGO,PREG_CODIGO,ALT_CODIGO,VALOR_PUNTAJE) values ('8','1','9','35','25');
Insert into EVALUACIONES.DETALLE_EVALUACION (ALUMNO_CODIGO,TEST_CODIGO,PREG_CODIGO,ALT_CODIGO,VALOR_PUNTAJE) values ('8','1','9','36','25');
Insert into EVALUACIONES.DETALLE_EVALUACION (ALUMNO_CODIGO,TEST_CODIGO,PREG_CODIGO,ALT_CODIGO,VALOR_PUNTAJE) values ('8','1','10','37','25');
Insert into EVALUACIONES.DETALLE_EVALUACION (ALUMNO_CODIGO,TEST_CODIGO,PREG_CODIGO,ALT_CODIGO,VALOR_PUNTAJE) values ('8','1','10','38','25');
Insert into EVALUACIONES.DETALLE_EVALUACION (ALUMNO_CODIGO,TEST_CODIGO,PREG_CODIGO,ALT_CODIGO,VALOR_PUNTAJE) values ('8','1','10','39','25');
Insert into EVALUACIONES.DETALLE_EVALUACION (ALUMNO_CODIGO,TEST_CODIGO,PREG_CODIGO,ALT_CODIGO,VALOR_PUNTAJE) values ('8','1','10','40','25');
Insert into EVALUACIONES.DETALLE_EVALUACION (ALUMNO_CODIGO,TEST_CODIGO,PREG_CODIGO,ALT_CODIGO,VALOR_PUNTAJE) values ('8','2','1','41','25');
Insert into EVALUACIONES.DETALLE_EVALUACION (ALUMNO_CODIGO,TEST_CODIGO,PREG_CODIGO,ALT_CODIGO,VALOR_PUNTAJE) values ('8','2','1','42','25');
Insert into EVALUACIONES.DETALLE_EVALUACION (ALUMNO_CODIGO,TEST_CODIGO,PREG_CODIGO,ALT_CODIGO,VALOR_PUNTAJE) values ('8','2','1','43','25');
Insert into EVALUACIONES.DETALLE_EVALUACION (ALUMNO_CODIGO,TEST_CODIGO,PREG_CODIGO,ALT_CODIGO,VALOR_PUNTAJE) values ('8','2','1','44','25');
Insert into EVALUACIONES.DETALLE_EVALUACION (ALUMNO_CODIGO,TEST_CODIGO,PREG_CODIGO,ALT_CODIGO,VALOR_PUNTAJE) values ('8','2','2','45','25');
Insert into EVALUACIONES.DETALLE_EVALUACION (ALUMNO_CODIGO,TEST_CODIGO,PREG_CODIGO,ALT_CODIGO,VALOR_PUNTAJE) values ('8','2','2','46','25');
Insert into EVALUACIONES.DETALLE_EVALUACION (ALUMNO_CODIGO,TEST_CODIGO,PREG_CODIGO,ALT_CODIGO,VALOR_PUNTAJE) values ('8','2','2','47','25');
Insert into EVALUACIONES.DETALLE_EVALUACION (ALUMNO_CODIGO,TEST_CODIGO,PREG_CODIGO,ALT_CODIGO,VALOR_PUNTAJE) values ('8','2','2','48','25');
Insert into EVALUACIONES.DETALLE_EVALUACION (ALUMNO_CODIGO,TEST_CODIGO,PREG_CODIGO,ALT_CODIGO,VALOR_PUNTAJE) values ('8','2','3','49','50');
Insert into EVALUACIONES.DETALLE_EVALUACION (ALUMNO_CODIGO,TEST_CODIGO,PREG_CODIGO,ALT_CODIGO,VALOR_PUNTAJE) values ('8','2','3','51','50');
Insert into EVALUACIONES.DETALLE_EVALUACION (ALUMNO_CODIGO,TEST_CODIGO,PREG_CODIGO,ALT_CODIGO,VALOR_PUNTAJE) values ('8','2','4','53','50');
Insert into EVALUACIONES.DETALLE_EVALUACION (ALUMNO_CODIGO,TEST_CODIGO,PREG_CODIGO,ALT_CODIGO,VALOR_PUNTAJE) values ('8','2','4','56','50');
Insert into EVALUACIONES.DETALLE_EVALUACION (ALUMNO_CODIGO,TEST_CODIGO,PREG_CODIGO,ALT_CODIGO,VALOR_PUNTAJE) values ('8','2','5','57','25');
Insert into EVALUACIONES.DETALLE_EVALUACION (ALUMNO_CODIGO,TEST_CODIGO,PREG_CODIGO,ALT_CODIGO,VALOR_PUNTAJE) values ('8','2','5','58','25');
Insert into EVALUACIONES.DETALLE_EVALUACION (ALUMNO_CODIGO,TEST_CODIGO,PREG_CODIGO,ALT_CODIGO,VALOR_PUNTAJE) values ('8','2','5','59','25');
Insert into EVALUACIONES.DETALLE_EVALUACION (ALUMNO_CODIGO,TEST_CODIGO,PREG_CODIGO,ALT_CODIGO,VALOR_PUNTAJE) values ('8','2','5','60','25');
Insert into EVALUACIONES.DETALLE_EVALUACION (ALUMNO_CODIGO,TEST_CODIGO,PREG_CODIGO,ALT_CODIGO,VALOR_PUNTAJE) values ('8','2','6','61','25');
Insert into EVALUACIONES.DETALLE_EVALUACION (ALUMNO_CODIGO,TEST_CODIGO,PREG_CODIGO,ALT_CODIGO,VALOR_PUNTAJE) values ('8','2','6','62','25');
Insert into EVALUACIONES.DETALLE_EVALUACION (ALUMNO_CODIGO,TEST_CODIGO,PREG_CODIGO,ALT_CODIGO,VALOR_PUNTAJE) values ('8','2','6','63','25');
Insert into EVALUACIONES.DETALLE_EVALUACION (ALUMNO_CODIGO,TEST_CODIGO,PREG_CODIGO,ALT_CODIGO,VALOR_PUNTAJE) values ('8','2','6','64','25');
Insert into EVALUACIONES.DETALLE_EVALUACION (ALUMNO_CODIGO,TEST_CODIGO,PREG_CODIGO,ALT_CODIGO,VALOR_PUNTAJE) values ('8','2','7','65','25');
Insert into EVALUACIONES.DETALLE_EVALUACION (ALUMNO_CODIGO,TEST_CODIGO,PREG_CODIGO,ALT_CODIGO,VALOR_PUNTAJE) values ('8','2','7','66','25');
Insert into EVALUACIONES.DETALLE_EVALUACION (ALUMNO_CODIGO,TEST_CODIGO,PREG_CODIGO,ALT_CODIGO,VALOR_PUNTAJE) values ('8','2','7','67','25');
Insert into EVALUACIONES.DETALLE_EVALUACION (ALUMNO_CODIGO,TEST_CODIGO,PREG_CODIGO,ALT_CODIGO,VALOR_PUNTAJE) values ('8','2','7','68','25');
Insert into EVALUACIONES.DETALLE_EVALUACION (ALUMNO_CODIGO,TEST_CODIGO,PREG_CODIGO,ALT_CODIGO,VALOR_PUNTAJE) values ('8','2','8','69','50');
Insert into EVALUACIONES.DETALLE_EVALUACION (ALUMNO_CODIGO,TEST_CODIGO,PREG_CODIGO,ALT_CODIGO,VALOR_PUNTAJE) values ('8','2','8','72','50');
Insert into EVALUACIONES.DETALLE_EVALUACION (ALUMNO_CODIGO,TEST_CODIGO,PREG_CODIGO,ALT_CODIGO,VALOR_PUNTAJE) values ('8','2','9','73','50');
Insert into EVALUACIONES.DETALLE_EVALUACION (ALUMNO_CODIGO,TEST_CODIGO,PREG_CODIGO,ALT_CODIGO,VALOR_PUNTAJE) values ('8','2','9','76','50');
Insert into EVALUACIONES.DETALLE_EVALUACION (ALUMNO_CODIGO,TEST_CODIGO,PREG_CODIGO,ALT_CODIGO,VALOR_PUNTAJE) values ('8','2','10','77','50');
Insert into EVALUACIONES.DETALLE_EVALUACION (ALUMNO_CODIGO,TEST_CODIGO,PREG_CODIGO,ALT_CODIGO,VALOR_PUNTAJE) values ('8','2','10','79','50');
Insert into EVALUACIONES.DETALLE_EVALUACION (ALUMNO_CODIGO,TEST_CODIGO,PREG_CODIGO,ALT_CODIGO,VALOR_PUNTAJE) values ('9','1','1','1','50');
Insert into EVALUACIONES.DETALLE_EVALUACION (ALUMNO_CODIGO,TEST_CODIGO,PREG_CODIGO,ALT_CODIGO,VALOR_PUNTAJE) values ('9','1','1','4','50');
Insert into EVALUACIONES.DETALLE_EVALUACION (ALUMNO_CODIGO,TEST_CODIGO,PREG_CODIGO,ALT_CODIGO,VALOR_PUNTAJE) values ('9','1','2','5','25');
Insert into EVALUACIONES.DETALLE_EVALUACION (ALUMNO_CODIGO,TEST_CODIGO,PREG_CODIGO,ALT_CODIGO,VALOR_PUNTAJE) values ('9','1','2','6','25');
Insert into EVALUACIONES.DETALLE_EVALUACION (ALUMNO_CODIGO,TEST_CODIGO,PREG_CODIGO,ALT_CODIGO,VALOR_PUNTAJE) values ('9','1','2','7','25');
Insert into EVALUACIONES.DETALLE_EVALUACION (ALUMNO_CODIGO,TEST_CODIGO,PREG_CODIGO,ALT_CODIGO,VALOR_PUNTAJE) values ('9','1','2','8','25');
Insert into EVALUACIONES.DETALLE_EVALUACION (ALUMNO_CODIGO,TEST_CODIGO,PREG_CODIGO,ALT_CODIGO,VALOR_PUNTAJE) values ('9','1','3','10','50');
Insert into EVALUACIONES.DETALLE_EVALUACION (ALUMNO_CODIGO,TEST_CODIGO,PREG_CODIGO,ALT_CODIGO,VALOR_PUNTAJE) values ('9','1','3','11','50');
Insert into EVALUACIONES.DETALLE_EVALUACION (ALUMNO_CODIGO,TEST_CODIGO,PREG_CODIGO,ALT_CODIGO,VALOR_PUNTAJE) values ('9','1','4','15','50');
Insert into EVALUACIONES.DETALLE_EVALUACION (ALUMNO_CODIGO,TEST_CODIGO,PREG_CODIGO,ALT_CODIGO,VALOR_PUNTAJE) values ('9','1','4','16','50');
Insert into EVALUACIONES.DETALLE_EVALUACION (ALUMNO_CODIGO,TEST_CODIGO,PREG_CODIGO,ALT_CODIGO,VALOR_PUNTAJE) values ('9','1','5','18','50');
Insert into EVALUACIONES.DETALLE_EVALUACION (ALUMNO_CODIGO,TEST_CODIGO,PREG_CODIGO,ALT_CODIGO,VALOR_PUNTAJE) values ('9','1','5','20','50');
Insert into EVALUACIONES.DETALLE_EVALUACION (ALUMNO_CODIGO,TEST_CODIGO,PREG_CODIGO,ALT_CODIGO,VALOR_PUNTAJE) values ('9','1','6','21','50');
Insert into EVALUACIONES.DETALLE_EVALUACION (ALUMNO_CODIGO,TEST_CODIGO,PREG_CODIGO,ALT_CODIGO,VALOR_PUNTAJE) values ('9','1','6','22','50');
Insert into EVALUACIONES.DETALLE_EVALUACION (ALUMNO_CODIGO,TEST_CODIGO,PREG_CODIGO,ALT_CODIGO,VALOR_PUNTAJE) values ('9','1','7','25','50');
Insert into EVALUACIONES.DETALLE_EVALUACION (ALUMNO_CODIGO,TEST_CODIGO,PREG_CODIGO,ALT_CODIGO,VALOR_PUNTAJE) values ('9','1','7','26','50');
Insert into EVALUACIONES.DETALLE_EVALUACION (ALUMNO_CODIGO,TEST_CODIGO,PREG_CODIGO,ALT_CODIGO,VALOR_PUNTAJE) values ('9','1','8','31','50');
Insert into EVALUACIONES.DETALLE_EVALUACION (ALUMNO_CODIGO,TEST_CODIGO,PREG_CODIGO,ALT_CODIGO,VALOR_PUNTAJE) values ('9','1','8','32','50');
Insert into EVALUACIONES.DETALLE_EVALUACION (ALUMNO_CODIGO,TEST_CODIGO,PREG_CODIGO,ALT_CODIGO,VALOR_PUNTAJE) values ('9','1','9','33','25');
Insert into EVALUACIONES.DETALLE_EVALUACION (ALUMNO_CODIGO,TEST_CODIGO,PREG_CODIGO,ALT_CODIGO,VALOR_PUNTAJE) values ('9','1','9','34','25');
Insert into EVALUACIONES.DETALLE_EVALUACION (ALUMNO_CODIGO,TEST_CODIGO,PREG_CODIGO,ALT_CODIGO,VALOR_PUNTAJE) values ('9','1','9','35','25');
Insert into EVALUACIONES.DETALLE_EVALUACION (ALUMNO_CODIGO,TEST_CODIGO,PREG_CODIGO,ALT_CODIGO,VALOR_PUNTAJE) values ('9','1','9','36','25');
Insert into EVALUACIONES.DETALLE_EVALUACION (ALUMNO_CODIGO,TEST_CODIGO,PREG_CODIGO,ALT_CODIGO,VALOR_PUNTAJE) values ('9','1','10','37','25');
Insert into EVALUACIONES.DETALLE_EVALUACION (ALUMNO_CODIGO,TEST_CODIGO,PREG_CODIGO,ALT_CODIGO,VALOR_PUNTAJE) values ('9','1','10','38','25');
Insert into EVALUACIONES.DETALLE_EVALUACION (ALUMNO_CODIGO,TEST_CODIGO,PREG_CODIGO,ALT_CODIGO,VALOR_PUNTAJE) values ('9','1','10','39','25');
Insert into EVALUACIONES.DETALLE_EVALUACION (ALUMNO_CODIGO,TEST_CODIGO,PREG_CODIGO,ALT_CODIGO,VALOR_PUNTAJE) values ('9','1','10','40','25');
Insert into EVALUACIONES.DETALLE_EVALUACION (ALUMNO_CODIGO,TEST_CODIGO,PREG_CODIGO,ALT_CODIGO,VALOR_PUNTAJE) values ('9','2','1','41','25');
Insert into EVALUACIONES.DETALLE_EVALUACION (ALUMNO_CODIGO,TEST_CODIGO,PREG_CODIGO,ALT_CODIGO,VALOR_PUNTAJE) values ('9','2','1','42','25');
Insert into EVALUACIONES.DETALLE_EVALUACION (ALUMNO_CODIGO,TEST_CODIGO,PREG_CODIGO,ALT_CODIGO,VALOR_PUNTAJE) values ('9','2','1','43','25');
Insert into EVALUACIONES.DETALLE_EVALUACION (ALUMNO_CODIGO,TEST_CODIGO,PREG_CODIGO,ALT_CODIGO,VALOR_PUNTAJE) values ('9','2','1','44','25');
Insert into EVALUACIONES.DETALLE_EVALUACION (ALUMNO_CODIGO,TEST_CODIGO,PREG_CODIGO,ALT_CODIGO,VALOR_PUNTAJE) values ('9','2','2','45','25');
Insert into EVALUACIONES.DETALLE_EVALUACION (ALUMNO_CODIGO,TEST_CODIGO,PREG_CODIGO,ALT_CODIGO,VALOR_PUNTAJE) values ('9','2','2','46','25');
Insert into EVALUACIONES.DETALLE_EVALUACION (ALUMNO_CODIGO,TEST_CODIGO,PREG_CODIGO,ALT_CODIGO,VALOR_PUNTAJE) values ('9','2','2','47','25');
Insert into EVALUACIONES.DETALLE_EVALUACION (ALUMNO_CODIGO,TEST_CODIGO,PREG_CODIGO,ALT_CODIGO,VALOR_PUNTAJE) values ('9','2','2','48','25');
Insert into EVALUACIONES.DETALLE_EVALUACION (ALUMNO_CODIGO,TEST_CODIGO,PREG_CODIGO,ALT_CODIGO,VALOR_PUNTAJE) values ('9','2','3','49','50');
Insert into EVALUACIONES.DETALLE_EVALUACION (ALUMNO_CODIGO,TEST_CODIGO,PREG_CODIGO,ALT_CODIGO,VALOR_PUNTAJE) values ('9','2','3','51','50');
Insert into EVALUACIONES.DETALLE_EVALUACION (ALUMNO_CODIGO,TEST_CODIGO,PREG_CODIGO,ALT_CODIGO,VALOR_PUNTAJE) values ('9','2','4','53','50');
Insert into EVALUACIONES.DETALLE_EVALUACION (ALUMNO_CODIGO,TEST_CODIGO,PREG_CODIGO,ALT_CODIGO,VALOR_PUNTAJE) values ('9','2','4','56','50');
Insert into EVALUACIONES.DETALLE_EVALUACION (ALUMNO_CODIGO,TEST_CODIGO,PREG_CODIGO,ALT_CODIGO,VALOR_PUNTAJE) values ('9','2','5','57','25');
Insert into EVALUACIONES.DETALLE_EVALUACION (ALUMNO_CODIGO,TEST_CODIGO,PREG_CODIGO,ALT_CODIGO,VALOR_PUNTAJE) values ('9','2','5','58','25');
Insert into EVALUACIONES.DETALLE_EVALUACION (ALUMNO_CODIGO,TEST_CODIGO,PREG_CODIGO,ALT_CODIGO,VALOR_PUNTAJE) values ('9','2','5','59','25');
Insert into EVALUACIONES.DETALLE_EVALUACION (ALUMNO_CODIGO,TEST_CODIGO,PREG_CODIGO,ALT_CODIGO,VALOR_PUNTAJE) values ('9','2','5','60','25');
Insert into EVALUACIONES.DETALLE_EVALUACION (ALUMNO_CODIGO,TEST_CODIGO,PREG_CODIGO,ALT_CODIGO,VALOR_PUNTAJE) values ('9','2','6','61','25');
Insert into EVALUACIONES.DETALLE_EVALUACION (ALUMNO_CODIGO,TEST_CODIGO,PREG_CODIGO,ALT_CODIGO,VALOR_PUNTAJE) values ('9','2','6','62','25');
Insert into EVALUACIONES.DETALLE_EVALUACION (ALUMNO_CODIGO,TEST_CODIGO,PREG_CODIGO,ALT_CODIGO,VALOR_PUNTAJE) values ('9','2','6','63','25');
Insert into EVALUACIONES.DETALLE_EVALUACION (ALUMNO_CODIGO,TEST_CODIGO,PREG_CODIGO,ALT_CODIGO,VALOR_PUNTAJE) values ('9','2','6','64','25');
Insert into EVALUACIONES.DETALLE_EVALUACION (ALUMNO_CODIGO,TEST_CODIGO,PREG_CODIGO,ALT_CODIGO,VALOR_PUNTAJE) values ('9','2','7','65','25');
Insert into EVALUACIONES.DETALLE_EVALUACION (ALUMNO_CODIGO,TEST_CODIGO,PREG_CODIGO,ALT_CODIGO,VALOR_PUNTAJE) values ('9','2','7','66','25');
Insert into EVALUACIONES.DETALLE_EVALUACION (ALUMNO_CODIGO,TEST_CODIGO,PREG_CODIGO,ALT_CODIGO,VALOR_PUNTAJE) values ('9','2','7','67','25');
Insert into EVALUACIONES.DETALLE_EVALUACION (ALUMNO_CODIGO,TEST_CODIGO,PREG_CODIGO,ALT_CODIGO,VALOR_PUNTAJE) values ('9','2','7','68','25');
Insert into EVALUACIONES.DETALLE_EVALUACION (ALUMNO_CODIGO,TEST_CODIGO,PREG_CODIGO,ALT_CODIGO,VALOR_PUNTAJE) values ('9','2','8','69','50');
Insert into EVALUACIONES.DETALLE_EVALUACION (ALUMNO_CODIGO,TEST_CODIGO,PREG_CODIGO,ALT_CODIGO,VALOR_PUNTAJE) values ('9','2','8','72','50');
Insert into EVALUACIONES.DETALLE_EVALUACION (ALUMNO_CODIGO,TEST_CODIGO,PREG_CODIGO,ALT_CODIGO,VALOR_PUNTAJE) values ('9','2','9','73','50');
Insert into EVALUACIONES.DETALLE_EVALUACION (ALUMNO_CODIGO,TEST_CODIGO,PREG_CODIGO,ALT_CODIGO,VALOR_PUNTAJE) values ('9','2','9','76','50');
Insert into EVALUACIONES.DETALLE_EVALUACION (ALUMNO_CODIGO,TEST_CODIGO,PREG_CODIGO,ALT_CODIGO,VALOR_PUNTAJE) values ('9','2','10','77','50');
Insert into EVALUACIONES.DETALLE_EVALUACION (ALUMNO_CODIGO,TEST_CODIGO,PREG_CODIGO,ALT_CODIGO,VALOR_PUNTAJE) values ('9','2','10','79','50');
Insert into EVALUACIONES.DETALLE_EVALUACION (ALUMNO_CODIGO,TEST_CODIGO,PREG_CODIGO,ALT_CODIGO,VALOR_PUNTAJE) values ('10','1','1','1','50');
Insert into EVALUACIONES.DETALLE_EVALUACION (ALUMNO_CODIGO,TEST_CODIGO,PREG_CODIGO,ALT_CODIGO,VALOR_PUNTAJE) values ('10','1','1','4','50');
Insert into EVALUACIONES.DETALLE_EVALUACION (ALUMNO_CODIGO,TEST_CODIGO,PREG_CODIGO,ALT_CODIGO,VALOR_PUNTAJE) values ('10','1','2','5','25');
Insert into EVALUACIONES.DETALLE_EVALUACION (ALUMNO_CODIGO,TEST_CODIGO,PREG_CODIGO,ALT_CODIGO,VALOR_PUNTAJE) values ('10','1','2','6','25');
Insert into EVALUACIONES.DETALLE_EVALUACION (ALUMNO_CODIGO,TEST_CODIGO,PREG_CODIGO,ALT_CODIGO,VALOR_PUNTAJE) values ('10','1','2','7','25');
Insert into EVALUACIONES.DETALLE_EVALUACION (ALUMNO_CODIGO,TEST_CODIGO,PREG_CODIGO,ALT_CODIGO,VALOR_PUNTAJE) values ('10','1','2','8','25');
Insert into EVALUACIONES.DETALLE_EVALUACION (ALUMNO_CODIGO,TEST_CODIGO,PREG_CODIGO,ALT_CODIGO,VALOR_PUNTAJE) values ('10','1','3','10','50');
Insert into EVALUACIONES.DETALLE_EVALUACION (ALUMNO_CODIGO,TEST_CODIGO,PREG_CODIGO,ALT_CODIGO,VALOR_PUNTAJE) values ('10','1','3','11','50');
Insert into EVALUACIONES.DETALLE_EVALUACION (ALUMNO_CODIGO,TEST_CODIGO,PREG_CODIGO,ALT_CODIGO,VALOR_PUNTAJE) values ('10','1','4','15','50');
Insert into EVALUACIONES.DETALLE_EVALUACION (ALUMNO_CODIGO,TEST_CODIGO,PREG_CODIGO,ALT_CODIGO,VALOR_PUNTAJE) values ('10','1','4','16','50');
Insert into EVALUACIONES.DETALLE_EVALUACION (ALUMNO_CODIGO,TEST_CODIGO,PREG_CODIGO,ALT_CODIGO,VALOR_PUNTAJE) values ('10','1','5','18','50');
Insert into EVALUACIONES.DETALLE_EVALUACION (ALUMNO_CODIGO,TEST_CODIGO,PREG_CODIGO,ALT_CODIGO,VALOR_PUNTAJE) values ('10','1','5','20','50');
Insert into EVALUACIONES.DETALLE_EVALUACION (ALUMNO_CODIGO,TEST_CODIGO,PREG_CODIGO,ALT_CODIGO,VALOR_PUNTAJE) values ('10','1','6','21','50');
Insert into EVALUACIONES.DETALLE_EVALUACION (ALUMNO_CODIGO,TEST_CODIGO,PREG_CODIGO,ALT_CODIGO,VALOR_PUNTAJE) values ('10','1','6','22','50');
Insert into EVALUACIONES.DETALLE_EVALUACION (ALUMNO_CODIGO,TEST_CODIGO,PREG_CODIGO,ALT_CODIGO,VALOR_PUNTAJE) values ('10','1','7','25','50');
Insert into EVALUACIONES.DETALLE_EVALUACION (ALUMNO_CODIGO,TEST_CODIGO,PREG_CODIGO,ALT_CODIGO,VALOR_PUNTAJE) values ('10','1','7','26','50');
Insert into EVALUACIONES.DETALLE_EVALUACION (ALUMNO_CODIGO,TEST_CODIGO,PREG_CODIGO,ALT_CODIGO,VALOR_PUNTAJE) values ('10','1','8','31','50');
Insert into EVALUACIONES.DETALLE_EVALUACION (ALUMNO_CODIGO,TEST_CODIGO,PREG_CODIGO,ALT_CODIGO,VALOR_PUNTAJE) values ('10','1','8','32','50');
Insert into EVALUACIONES.DETALLE_EVALUACION (ALUMNO_CODIGO,TEST_CODIGO,PREG_CODIGO,ALT_CODIGO,VALOR_PUNTAJE) values ('10','1','9','33','25');
Insert into EVALUACIONES.DETALLE_EVALUACION (ALUMNO_CODIGO,TEST_CODIGO,PREG_CODIGO,ALT_CODIGO,VALOR_PUNTAJE) values ('10','1','9','34','25');
Insert into EVALUACIONES.DETALLE_EVALUACION (ALUMNO_CODIGO,TEST_CODIGO,PREG_CODIGO,ALT_CODIGO,VALOR_PUNTAJE) values ('10','1','9','35','25');
Insert into EVALUACIONES.DETALLE_EVALUACION (ALUMNO_CODIGO,TEST_CODIGO,PREG_CODIGO,ALT_CODIGO,VALOR_PUNTAJE) values ('10','1','9','36','25');
Insert into EVALUACIONES.DETALLE_EVALUACION (ALUMNO_CODIGO,TEST_CODIGO,PREG_CODIGO,ALT_CODIGO,VALOR_PUNTAJE) values ('10','1','10','37','25');
Insert into EVALUACIONES.DETALLE_EVALUACION (ALUMNO_CODIGO,TEST_CODIGO,PREG_CODIGO,ALT_CODIGO,VALOR_PUNTAJE) values ('10','1','10','38','25');
Insert into EVALUACIONES.DETALLE_EVALUACION (ALUMNO_CODIGO,TEST_CODIGO,PREG_CODIGO,ALT_CODIGO,VALOR_PUNTAJE) values ('10','1','10','39','25');
Insert into EVALUACIONES.DETALLE_EVALUACION (ALUMNO_CODIGO,TEST_CODIGO,PREG_CODIGO,ALT_CODIGO,VALOR_PUNTAJE) values ('10','1','10','40','25');
Insert into EVALUACIONES.DETALLE_EVALUACION (ALUMNO_CODIGO,TEST_CODIGO,PREG_CODIGO,ALT_CODIGO,VALOR_PUNTAJE) values ('10','2','1','41','25');
Insert into EVALUACIONES.DETALLE_EVALUACION (ALUMNO_CODIGO,TEST_CODIGO,PREG_CODIGO,ALT_CODIGO,VALOR_PUNTAJE) values ('10','2','1','42','25');
Insert into EVALUACIONES.DETALLE_EVALUACION (ALUMNO_CODIGO,TEST_CODIGO,PREG_CODIGO,ALT_CODIGO,VALOR_PUNTAJE) values ('10','2','1','43','25');
Insert into EVALUACIONES.DETALLE_EVALUACION (ALUMNO_CODIGO,TEST_CODIGO,PREG_CODIGO,ALT_CODIGO,VALOR_PUNTAJE) values ('10','2','1','44','25');
Insert into EVALUACIONES.DETALLE_EVALUACION (ALUMNO_CODIGO,TEST_CODIGO,PREG_CODIGO,ALT_CODIGO,VALOR_PUNTAJE) values ('10','2','2','45','25');
Insert into EVALUACIONES.DETALLE_EVALUACION (ALUMNO_CODIGO,TEST_CODIGO,PREG_CODIGO,ALT_CODIGO,VALOR_PUNTAJE) values ('10','2','2','46','25');
Insert into EVALUACIONES.DETALLE_EVALUACION (ALUMNO_CODIGO,TEST_CODIGO,PREG_CODIGO,ALT_CODIGO,VALOR_PUNTAJE) values ('10','2','2','47','25');
Insert into EVALUACIONES.DETALLE_EVALUACION (ALUMNO_CODIGO,TEST_CODIGO,PREG_CODIGO,ALT_CODIGO,VALOR_PUNTAJE) values ('10','2','2','48','25');
Insert into EVALUACIONES.DETALLE_EVALUACION (ALUMNO_CODIGO,TEST_CODIGO,PREG_CODIGO,ALT_CODIGO,VALOR_PUNTAJE) values ('10','2','3','49','50');
Insert into EVALUACIONES.DETALLE_EVALUACION (ALUMNO_CODIGO,TEST_CODIGO,PREG_CODIGO,ALT_CODIGO,VALOR_PUNTAJE) values ('10','2','3','51','50');
Insert into EVALUACIONES.DETALLE_EVALUACION (ALUMNO_CODIGO,TEST_CODIGO,PREG_CODIGO,ALT_CODIGO,VALOR_PUNTAJE) values ('10','2','4','53','50');
Insert into EVALUACIONES.DETALLE_EVALUACION (ALUMNO_CODIGO,TEST_CODIGO,PREG_CODIGO,ALT_CODIGO,VALOR_PUNTAJE) values ('10','2','4','56','50');
Insert into EVALUACIONES.DETALLE_EVALUACION (ALUMNO_CODIGO,TEST_CODIGO,PREG_CODIGO,ALT_CODIGO,VALOR_PUNTAJE) values ('10','2','5','57','25');
Insert into EVALUACIONES.DETALLE_EVALUACION (ALUMNO_CODIGO,TEST_CODIGO,PREG_CODIGO,ALT_CODIGO,VALOR_PUNTAJE) values ('10','2','5','58','25');
Insert into EVALUACIONES.DETALLE_EVALUACION (ALUMNO_CODIGO,TEST_CODIGO,PREG_CODIGO,ALT_CODIGO,VALOR_PUNTAJE) values ('10','2','5','59','25');
Insert into EVALUACIONES.DETALLE_EVALUACION (ALUMNO_CODIGO,TEST_CODIGO,PREG_CODIGO,ALT_CODIGO,VALOR_PUNTAJE) values ('10','2','5','60','25');
Insert into EVALUACIONES.DETALLE_EVALUACION (ALUMNO_CODIGO,TEST_CODIGO,PREG_CODIGO,ALT_CODIGO,VALOR_PUNTAJE) values ('10','2','6','61','25');
Insert into EVALUACIONES.DETALLE_EVALUACION (ALUMNO_CODIGO,TEST_CODIGO,PREG_CODIGO,ALT_CODIGO,VALOR_PUNTAJE) values ('10','2','6','62','25');
Insert into EVALUACIONES.DETALLE_EVALUACION (ALUMNO_CODIGO,TEST_CODIGO,PREG_CODIGO,ALT_CODIGO,VALOR_PUNTAJE) values ('10','2','6','63','25');
Insert into EVALUACIONES.DETALLE_EVALUACION (ALUMNO_CODIGO,TEST_CODIGO,PREG_CODIGO,ALT_CODIGO,VALOR_PUNTAJE) values ('10','2','6','64','25');
Insert into EVALUACIONES.DETALLE_EVALUACION (ALUMNO_CODIGO,TEST_CODIGO,PREG_CODIGO,ALT_CODIGO,VALOR_PUNTAJE) values ('10','2','7','65','25');
Insert into EVALUACIONES.DETALLE_EVALUACION (ALUMNO_CODIGO,TEST_CODIGO,PREG_CODIGO,ALT_CODIGO,VALOR_PUNTAJE) values ('10','2','7','66','25');
Insert into EVALUACIONES.DETALLE_EVALUACION (ALUMNO_CODIGO,TEST_CODIGO,PREG_CODIGO,ALT_CODIGO,VALOR_PUNTAJE) values ('10','2','7','67','25');
Insert into EVALUACIONES.DETALLE_EVALUACION (ALUMNO_CODIGO,TEST_CODIGO,PREG_CODIGO,ALT_CODIGO,VALOR_PUNTAJE) values ('10','2','7','68','25');
Insert into EVALUACIONES.DETALLE_EVALUACION (ALUMNO_CODIGO,TEST_CODIGO,PREG_CODIGO,ALT_CODIGO,VALOR_PUNTAJE) values ('10','2','8','69','50');
Insert into EVALUACIONES.DETALLE_EVALUACION (ALUMNO_CODIGO,TEST_CODIGO,PREG_CODIGO,ALT_CODIGO,VALOR_PUNTAJE) values ('10','2','8','72','50');
Insert into EVALUACIONES.DETALLE_EVALUACION (ALUMNO_CODIGO,TEST_CODIGO,PREG_CODIGO,ALT_CODIGO,VALOR_PUNTAJE) values ('10','2','9','73','50');
Insert into EVALUACIONES.DETALLE_EVALUACION (ALUMNO_CODIGO,TEST_CODIGO,PREG_CODIGO,ALT_CODIGO,VALOR_PUNTAJE) values ('10','2','9','76','50');
Insert into EVALUACIONES.DETALLE_EVALUACION (ALUMNO_CODIGO,TEST_CODIGO,PREG_CODIGO,ALT_CODIGO,VALOR_PUNTAJE) values ('10','2','10','77','50');
Insert into EVALUACIONES.DETALLE_EVALUACION (ALUMNO_CODIGO,TEST_CODIGO,PREG_CODIGO,ALT_CODIGO,VALOR_PUNTAJE) values ('10','2','10','79','50');
Insert into EVALUACIONES.DETALLE_EVALUACION (ALUMNO_CODIGO,TEST_CODIGO,PREG_CODIGO,ALT_CODIGO,VALOR_PUNTAJE) values ('11','1','1','1','50');
Insert into EVALUACIONES.DETALLE_EVALUACION (ALUMNO_CODIGO,TEST_CODIGO,PREG_CODIGO,ALT_CODIGO,VALOR_PUNTAJE) values ('11','1','1','4','50');
Insert into EVALUACIONES.DETALLE_EVALUACION (ALUMNO_CODIGO,TEST_CODIGO,PREG_CODIGO,ALT_CODIGO,VALOR_PUNTAJE) values ('11','1','2','5','25');
Insert into EVALUACIONES.DETALLE_EVALUACION (ALUMNO_CODIGO,TEST_CODIGO,PREG_CODIGO,ALT_CODIGO,VALOR_PUNTAJE) values ('11','1','2','6','25');
Insert into EVALUACIONES.DETALLE_EVALUACION (ALUMNO_CODIGO,TEST_CODIGO,PREG_CODIGO,ALT_CODIGO,VALOR_PUNTAJE) values ('11','1','2','7','25');
Insert into EVALUACIONES.DETALLE_EVALUACION (ALUMNO_CODIGO,TEST_CODIGO,PREG_CODIGO,ALT_CODIGO,VALOR_PUNTAJE) values ('11','1','2','8','25');
Insert into EVALUACIONES.DETALLE_EVALUACION (ALUMNO_CODIGO,TEST_CODIGO,PREG_CODIGO,ALT_CODIGO,VALOR_PUNTAJE) values ('11','1','3','10','50');
Insert into EVALUACIONES.DETALLE_EVALUACION (ALUMNO_CODIGO,TEST_CODIGO,PREG_CODIGO,ALT_CODIGO,VALOR_PUNTAJE) values ('11','1','3','11','50');
Insert into EVALUACIONES.DETALLE_EVALUACION (ALUMNO_CODIGO,TEST_CODIGO,PREG_CODIGO,ALT_CODIGO,VALOR_PUNTAJE) values ('11','1','4','15','50');
Insert into EVALUACIONES.DETALLE_EVALUACION (ALUMNO_CODIGO,TEST_CODIGO,PREG_CODIGO,ALT_CODIGO,VALOR_PUNTAJE) values ('11','1','4','16','50');
Insert into EVALUACIONES.DETALLE_EVALUACION (ALUMNO_CODIGO,TEST_CODIGO,PREG_CODIGO,ALT_CODIGO,VALOR_PUNTAJE) values ('11','1','5','18','50');
Insert into EVALUACIONES.DETALLE_EVALUACION (ALUMNO_CODIGO,TEST_CODIGO,PREG_CODIGO,ALT_CODIGO,VALOR_PUNTAJE) values ('11','1','5','20','50');
Insert into EVALUACIONES.DETALLE_EVALUACION (ALUMNO_CODIGO,TEST_CODIGO,PREG_CODIGO,ALT_CODIGO,VALOR_PUNTAJE) values ('11','1','6','21','50');
Insert into EVALUACIONES.DETALLE_EVALUACION (ALUMNO_CODIGO,TEST_CODIGO,PREG_CODIGO,ALT_CODIGO,VALOR_PUNTAJE) values ('11','1','6','22','50');
Insert into EVALUACIONES.DETALLE_EVALUACION (ALUMNO_CODIGO,TEST_CODIGO,PREG_CODIGO,ALT_CODIGO,VALOR_PUNTAJE) values ('11','1','7','25','50');
Insert into EVALUACIONES.DETALLE_EVALUACION (ALUMNO_CODIGO,TEST_CODIGO,PREG_CODIGO,ALT_CODIGO,VALOR_PUNTAJE) values ('11','1','7','26','50');
Insert into EVALUACIONES.DETALLE_EVALUACION (ALUMNO_CODIGO,TEST_CODIGO,PREG_CODIGO,ALT_CODIGO,VALOR_PUNTAJE) values ('11','1','8','31','50');
Insert into EVALUACIONES.DETALLE_EVALUACION (ALUMNO_CODIGO,TEST_CODIGO,PREG_CODIGO,ALT_CODIGO,VALOR_PUNTAJE) values ('11','1','8','32','50');
Insert into EVALUACIONES.DETALLE_EVALUACION (ALUMNO_CODIGO,TEST_CODIGO,PREG_CODIGO,ALT_CODIGO,VALOR_PUNTAJE) values ('11','1','9','33','25');
Insert into EVALUACIONES.DETALLE_EVALUACION (ALUMNO_CODIGO,TEST_CODIGO,PREG_CODIGO,ALT_CODIGO,VALOR_PUNTAJE) values ('11','1','9','34','25');
Insert into EVALUACIONES.DETALLE_EVALUACION (ALUMNO_CODIGO,TEST_CODIGO,PREG_CODIGO,ALT_CODIGO,VALOR_PUNTAJE) values ('11','1','9','35','25');
Insert into EVALUACIONES.DETALLE_EVALUACION (ALUMNO_CODIGO,TEST_CODIGO,PREG_CODIGO,ALT_CODIGO,VALOR_PUNTAJE) values ('11','1','9','36','25');
Insert into EVALUACIONES.DETALLE_EVALUACION (ALUMNO_CODIGO,TEST_CODIGO,PREG_CODIGO,ALT_CODIGO,VALOR_PUNTAJE) values ('11','1','10','37','25');
Insert into EVALUACIONES.DETALLE_EVALUACION (ALUMNO_CODIGO,TEST_CODIGO,PREG_CODIGO,ALT_CODIGO,VALOR_PUNTAJE) values ('11','1','10','38','25');
Insert into EVALUACIONES.DETALLE_EVALUACION (ALUMNO_CODIGO,TEST_CODIGO,PREG_CODIGO,ALT_CODIGO,VALOR_PUNTAJE) values ('11','1','10','39','25');
Insert into EVALUACIONES.DETALLE_EVALUACION (ALUMNO_CODIGO,TEST_CODIGO,PREG_CODIGO,ALT_CODIGO,VALOR_PUNTAJE) values ('11','1','10','40','25');
Insert into EVALUACIONES.DETALLE_EVALUACION (ALUMNO_CODIGO,TEST_CODIGO,PREG_CODIGO,ALT_CODIGO,VALOR_PUNTAJE) values ('11','2','1','41','25');
Insert into EVALUACIONES.DETALLE_EVALUACION (ALUMNO_CODIGO,TEST_CODIGO,PREG_CODIGO,ALT_CODIGO,VALOR_PUNTAJE) values ('11','2','1','42','25');
Insert into EVALUACIONES.DETALLE_EVALUACION (ALUMNO_CODIGO,TEST_CODIGO,PREG_CODIGO,ALT_CODIGO,VALOR_PUNTAJE) values ('11','2','1','43','25');
Insert into EVALUACIONES.DETALLE_EVALUACION (ALUMNO_CODIGO,TEST_CODIGO,PREG_CODIGO,ALT_CODIGO,VALOR_PUNTAJE) values ('11','2','1','44','25');
Insert into EVALUACIONES.DETALLE_EVALUACION (ALUMNO_CODIGO,TEST_CODIGO,PREG_CODIGO,ALT_CODIGO,VALOR_PUNTAJE) values ('11','2','2','45','25');
Insert into EVALUACIONES.DETALLE_EVALUACION (ALUMNO_CODIGO,TEST_CODIGO,PREG_CODIGO,ALT_CODIGO,VALOR_PUNTAJE) values ('11','2','2','46','25');
Insert into EVALUACIONES.DETALLE_EVALUACION (ALUMNO_CODIGO,TEST_CODIGO,PREG_CODIGO,ALT_CODIGO,VALOR_PUNTAJE) values ('11','2','2','47','25');
Insert into EVALUACIONES.DETALLE_EVALUACION (ALUMNO_CODIGO,TEST_CODIGO,PREG_CODIGO,ALT_CODIGO,VALOR_PUNTAJE) values ('11','2','2','48','25');
Insert into EVALUACIONES.DETALLE_EVALUACION (ALUMNO_CODIGO,TEST_CODIGO,PREG_CODIGO,ALT_CODIGO,VALOR_PUNTAJE) values ('11','2','3','49','50');
Insert into EVALUACIONES.DETALLE_EVALUACION (ALUMNO_CODIGO,TEST_CODIGO,PREG_CODIGO,ALT_CODIGO,VALOR_PUNTAJE) values ('11','2','3','51','50');
Insert into EVALUACIONES.DETALLE_EVALUACION (ALUMNO_CODIGO,TEST_CODIGO,PREG_CODIGO,ALT_CODIGO,VALOR_PUNTAJE) values ('11','2','4','53','50');
Insert into EVALUACIONES.DETALLE_EVALUACION (ALUMNO_CODIGO,TEST_CODIGO,PREG_CODIGO,ALT_CODIGO,VALOR_PUNTAJE) values ('11','2','4','56','50');
Insert into EVALUACIONES.DETALLE_EVALUACION (ALUMNO_CODIGO,TEST_CODIGO,PREG_CODIGO,ALT_CODIGO,VALOR_PUNTAJE) values ('11','2','5','57','25');
Insert into EVALUACIONES.DETALLE_EVALUACION (ALUMNO_CODIGO,TEST_CODIGO,PREG_CODIGO,ALT_CODIGO,VALOR_PUNTAJE) values ('11','2','5','58','25');
Insert into EVALUACIONES.DETALLE_EVALUACION (ALUMNO_CODIGO,TEST_CODIGO,PREG_CODIGO,ALT_CODIGO,VALOR_PUNTAJE) values ('11','2','5','59','25');
Insert into EVALUACIONES.DETALLE_EVALUACION (ALUMNO_CODIGO,TEST_CODIGO,PREG_CODIGO,ALT_CODIGO,VALOR_PUNTAJE) values ('11','2','5','60','25');
Insert into EVALUACIONES.DETALLE_EVALUACION (ALUMNO_CODIGO,TEST_CODIGO,PREG_CODIGO,ALT_CODIGO,VALOR_PUNTAJE) values ('11','2','6','61','25');
Insert into EVALUACIONES.DETALLE_EVALUACION (ALUMNO_CODIGO,TEST_CODIGO,PREG_CODIGO,ALT_CODIGO,VALOR_PUNTAJE) values ('11','2','6','62','25');
Insert into EVALUACIONES.DETALLE_EVALUACION (ALUMNO_CODIGO,TEST_CODIGO,PREG_CODIGO,ALT_CODIGO,VALOR_PUNTAJE) values ('11','2','6','63','25');
Insert into EVALUACIONES.DETALLE_EVALUACION (ALUMNO_CODIGO,TEST_CODIGO,PREG_CODIGO,ALT_CODIGO,VALOR_PUNTAJE) values ('11','2','6','64','25');
Insert into EVALUACIONES.DETALLE_EVALUACION (ALUMNO_CODIGO,TEST_CODIGO,PREG_CODIGO,ALT_CODIGO,VALOR_PUNTAJE) values ('11','2','7','65','25');
Insert into EVALUACIONES.DETALLE_EVALUACION (ALUMNO_CODIGO,TEST_CODIGO,PREG_CODIGO,ALT_CODIGO,VALOR_PUNTAJE) values ('11','2','7','66','25');
Insert into EVALUACIONES.DETALLE_EVALUACION (ALUMNO_CODIGO,TEST_CODIGO,PREG_CODIGO,ALT_CODIGO,VALOR_PUNTAJE) values ('11','2','7','67','25');
Insert into EVALUACIONES.DETALLE_EVALUACION (ALUMNO_CODIGO,TEST_CODIGO,PREG_CODIGO,ALT_CODIGO,VALOR_PUNTAJE) values ('11','2','7','68','25');
Insert into EVALUACIONES.DETALLE_EVALUACION (ALUMNO_CODIGO,TEST_CODIGO,PREG_CODIGO,ALT_CODIGO,VALOR_PUNTAJE) values ('11','2','8','69','50');
Insert into EVALUACIONES.DETALLE_EVALUACION (ALUMNO_CODIGO,TEST_CODIGO,PREG_CODIGO,ALT_CODIGO,VALOR_PUNTAJE) values ('11','2','8','72','50');
Insert into EVALUACIONES.DETALLE_EVALUACION (ALUMNO_CODIGO,TEST_CODIGO,PREG_CODIGO,ALT_CODIGO,VALOR_PUNTAJE) values ('11','2','9','73','50');
Insert into EVALUACIONES.DETALLE_EVALUACION (ALUMNO_CODIGO,TEST_CODIGO,PREG_CODIGO,ALT_CODIGO,VALOR_PUNTAJE) values ('11','2','9','76','50');
Insert into EVALUACIONES.DETALLE_EVALUACION (ALUMNO_CODIGO,TEST_CODIGO,PREG_CODIGO,ALT_CODIGO,VALOR_PUNTAJE) values ('11','2','10','77','50');
Insert into EVALUACIONES.DETALLE_EVALUACION (ALUMNO_CODIGO,TEST_CODIGO,PREG_CODIGO,ALT_CODIGO,VALOR_PUNTAJE) values ('11','2','10','79','50');
Insert into EVALUACIONES.DETALLE_EVALUACION (ALUMNO_CODIGO,TEST_CODIGO,PREG_CODIGO,ALT_CODIGO,VALOR_PUNTAJE) values ('12','1','1','1','50');
Insert into EVALUACIONES.DETALLE_EVALUACION (ALUMNO_CODIGO,TEST_CODIGO,PREG_CODIGO,ALT_CODIGO,VALOR_PUNTAJE) values ('12','1','1','4','50');
Insert into EVALUACIONES.DETALLE_EVALUACION (ALUMNO_CODIGO,TEST_CODIGO,PREG_CODIGO,ALT_CODIGO,VALOR_PUNTAJE) values ('12','1','2','5','25');
Insert into EVALUACIONES.DETALLE_EVALUACION (ALUMNO_CODIGO,TEST_CODIGO,PREG_CODIGO,ALT_CODIGO,VALOR_PUNTAJE) values ('12','1','2','6','25');
Insert into EVALUACIONES.DETALLE_EVALUACION (ALUMNO_CODIGO,TEST_CODIGO,PREG_CODIGO,ALT_CODIGO,VALOR_PUNTAJE) values ('12','1','2','7','25');
Insert into EVALUACIONES.DETALLE_EVALUACION (ALUMNO_CODIGO,TEST_CODIGO,PREG_CODIGO,ALT_CODIGO,VALOR_PUNTAJE) values ('12','1','2','8','25');
Insert into EVALUACIONES.DETALLE_EVALUACION (ALUMNO_CODIGO,TEST_CODIGO,PREG_CODIGO,ALT_CODIGO,VALOR_PUNTAJE) values ('12','1','3','10','50');
Insert into EVALUACIONES.DETALLE_EVALUACION (ALUMNO_CODIGO,TEST_CODIGO,PREG_CODIGO,ALT_CODIGO,VALOR_PUNTAJE) values ('12','1','3','11','50');
Insert into EVALUACIONES.DETALLE_EVALUACION (ALUMNO_CODIGO,TEST_CODIGO,PREG_CODIGO,ALT_CODIGO,VALOR_PUNTAJE) values ('12','1','4','15','50');
Insert into EVALUACIONES.DETALLE_EVALUACION (ALUMNO_CODIGO,TEST_CODIGO,PREG_CODIGO,ALT_CODIGO,VALOR_PUNTAJE) values ('12','1','4','16','50');
Insert into EVALUACIONES.DETALLE_EVALUACION (ALUMNO_CODIGO,TEST_CODIGO,PREG_CODIGO,ALT_CODIGO,VALOR_PUNTAJE) values ('12','1','5','18','50');
Insert into EVALUACIONES.DETALLE_EVALUACION (ALUMNO_CODIGO,TEST_CODIGO,PREG_CODIGO,ALT_CODIGO,VALOR_PUNTAJE) values ('12','1','5','20','50');
Insert into EVALUACIONES.DETALLE_EVALUACION (ALUMNO_CODIGO,TEST_CODIGO,PREG_CODIGO,ALT_CODIGO,VALOR_PUNTAJE) values ('12','1','6','21','50');
Insert into EVALUACIONES.DETALLE_EVALUACION (ALUMNO_CODIGO,TEST_CODIGO,PREG_CODIGO,ALT_CODIGO,VALOR_PUNTAJE) values ('12','1','6','22','50');
Insert into EVALUACIONES.DETALLE_EVALUACION (ALUMNO_CODIGO,TEST_CODIGO,PREG_CODIGO,ALT_CODIGO,VALOR_PUNTAJE) values ('12','1','7','25','50');
Insert into EVALUACIONES.DETALLE_EVALUACION (ALUMNO_CODIGO,TEST_CODIGO,PREG_CODIGO,ALT_CODIGO,VALOR_PUNTAJE) values ('12','1','7','26','50');
Insert into EVALUACIONES.DETALLE_EVALUACION (ALUMNO_CODIGO,TEST_CODIGO,PREG_CODIGO,ALT_CODIGO,VALOR_PUNTAJE) values ('12','1','8','31','50');
Insert into EVALUACIONES.DETALLE_EVALUACION (ALUMNO_CODIGO,TEST_CODIGO,PREG_CODIGO,ALT_CODIGO,VALOR_PUNTAJE) values ('12','1','8','32','50');
Insert into EVALUACIONES.DETALLE_EVALUACION (ALUMNO_CODIGO,TEST_CODIGO,PREG_CODIGO,ALT_CODIGO,VALOR_PUNTAJE) values ('12','1','9','33','25');
Insert into EVALUACIONES.DETALLE_EVALUACION (ALUMNO_CODIGO,TEST_CODIGO,PREG_CODIGO,ALT_CODIGO,VALOR_PUNTAJE) values ('12','1','9','34','25');
Insert into EVALUACIONES.DETALLE_EVALUACION (ALUMNO_CODIGO,TEST_CODIGO,PREG_CODIGO,ALT_CODIGO,VALOR_PUNTAJE) values ('12','1','9','35','25');
Insert into EVALUACIONES.DETALLE_EVALUACION (ALUMNO_CODIGO,TEST_CODIGO,PREG_CODIGO,ALT_CODIGO,VALOR_PUNTAJE) values ('12','1','9','36','25');
Insert into EVALUACIONES.DETALLE_EVALUACION (ALUMNO_CODIGO,TEST_CODIGO,PREG_CODIGO,ALT_CODIGO,VALOR_PUNTAJE) values ('12','1','10','37','25');
Insert into EVALUACIONES.DETALLE_EVALUACION (ALUMNO_CODIGO,TEST_CODIGO,PREG_CODIGO,ALT_CODIGO,VALOR_PUNTAJE) values ('12','1','10','38','25');
Insert into EVALUACIONES.DETALLE_EVALUACION (ALUMNO_CODIGO,TEST_CODIGO,PREG_CODIGO,ALT_CODIGO,VALOR_PUNTAJE) values ('12','1','10','39','25');
Insert into EVALUACIONES.DETALLE_EVALUACION (ALUMNO_CODIGO,TEST_CODIGO,PREG_CODIGO,ALT_CODIGO,VALOR_PUNTAJE) values ('12','1','10','40','25');
Insert into EVALUACIONES.DETALLE_EVALUACION (ALUMNO_CODIGO,TEST_CODIGO,PREG_CODIGO,ALT_CODIGO,VALOR_PUNTAJE) values ('12','2','1','41','25');
Insert into EVALUACIONES.DETALLE_EVALUACION (ALUMNO_CODIGO,TEST_CODIGO,PREG_CODIGO,ALT_CODIGO,VALOR_PUNTAJE) values ('12','2','1','42','25');
Insert into EVALUACIONES.DETALLE_EVALUACION (ALUMNO_CODIGO,TEST_CODIGO,PREG_CODIGO,ALT_CODIGO,VALOR_PUNTAJE) values ('12','2','1','43','25');
Insert into EVALUACIONES.DETALLE_EVALUACION (ALUMNO_CODIGO,TEST_CODIGO,PREG_CODIGO,ALT_CODIGO,VALOR_PUNTAJE) values ('12','2','1','44','25');
Insert into EVALUACIONES.DETALLE_EVALUACION (ALUMNO_CODIGO,TEST_CODIGO,PREG_CODIGO,ALT_CODIGO,VALOR_PUNTAJE) values ('12','2','2','45','25');
Insert into EVALUACIONES.DETALLE_EVALUACION (ALUMNO_CODIGO,TEST_CODIGO,PREG_CODIGO,ALT_CODIGO,VALOR_PUNTAJE) values ('12','2','2','46','25');
Insert into EVALUACIONES.DETALLE_EVALUACION (ALUMNO_CODIGO,TEST_CODIGO,PREG_CODIGO,ALT_CODIGO,VALOR_PUNTAJE) values ('12','2','2','47','25');
Insert into EVALUACIONES.DETALLE_EVALUACION (ALUMNO_CODIGO,TEST_CODIGO,PREG_CODIGO,ALT_CODIGO,VALOR_PUNTAJE) values ('12','2','2','48','25');
Insert into EVALUACIONES.DETALLE_EVALUACION (ALUMNO_CODIGO,TEST_CODIGO,PREG_CODIGO,ALT_CODIGO,VALOR_PUNTAJE) values ('12','2','3','49','50');
Insert into EVALUACIONES.DETALLE_EVALUACION (ALUMNO_CODIGO,TEST_CODIGO,PREG_CODIGO,ALT_CODIGO,VALOR_PUNTAJE) values ('12','2','3','51','50');
Insert into EVALUACIONES.DETALLE_EVALUACION (ALUMNO_CODIGO,TEST_CODIGO,PREG_CODIGO,ALT_CODIGO,VALOR_PUNTAJE) values ('12','2','4','53','50');
Insert into EVALUACIONES.DETALLE_EVALUACION (ALUMNO_CODIGO,TEST_CODIGO,PREG_CODIGO,ALT_CODIGO,VALOR_PUNTAJE) values ('12','2','4','56','50');
Insert into EVALUACIONES.DETALLE_EVALUACION (ALUMNO_CODIGO,TEST_CODIGO,PREG_CODIGO,ALT_CODIGO,VALOR_PUNTAJE) values ('12','2','5','57','25');
Insert into EVALUACIONES.DETALLE_EVALUACION (ALUMNO_CODIGO,TEST_CODIGO,PREG_CODIGO,ALT_CODIGO,VALOR_PUNTAJE) values ('12','2','5','58','25');
Insert into EVALUACIONES.DETALLE_EVALUACION (ALUMNO_CODIGO,TEST_CODIGO,PREG_CODIGO,ALT_CODIGO,VALOR_PUNTAJE) values ('12','2','5','59','25');
Insert into EVALUACIONES.DETALLE_EVALUACION (ALUMNO_CODIGO,TEST_CODIGO,PREG_CODIGO,ALT_CODIGO,VALOR_PUNTAJE) values ('12','2','5','60','25');
Insert into EVALUACIONES.DETALLE_EVALUACION (ALUMNO_CODIGO,TEST_CODIGO,PREG_CODIGO,ALT_CODIGO,VALOR_PUNTAJE) values ('12','2','6','61','25');
Insert into EVALUACIONES.DETALLE_EVALUACION (ALUMNO_CODIGO,TEST_CODIGO,PREG_CODIGO,ALT_CODIGO,VALOR_PUNTAJE) values ('12','2','6','62','25');
Insert into EVALUACIONES.DETALLE_EVALUACION (ALUMNO_CODIGO,TEST_CODIGO,PREG_CODIGO,ALT_CODIGO,VALOR_PUNTAJE) values ('12','2','6','63','25');
Insert into EVALUACIONES.DETALLE_EVALUACION (ALUMNO_CODIGO,TEST_CODIGO,PREG_CODIGO,ALT_CODIGO,VALOR_PUNTAJE) values ('12','2','6','64','25');
Insert into EVALUACIONES.DETALLE_EVALUACION (ALUMNO_CODIGO,TEST_CODIGO,PREG_CODIGO,ALT_CODIGO,VALOR_PUNTAJE) values ('12','2','7','65','25');
Insert into EVALUACIONES.DETALLE_EVALUACION (ALUMNO_CODIGO,TEST_CODIGO,PREG_CODIGO,ALT_CODIGO,VALOR_PUNTAJE) values ('12','2','7','66','25');
Insert into EVALUACIONES.DETALLE_EVALUACION (ALUMNO_CODIGO,TEST_CODIGO,PREG_CODIGO,ALT_CODIGO,VALOR_PUNTAJE) values ('12','2','7','67','25');
Insert into EVALUACIONES.DETALLE_EVALUACION (ALUMNO_CODIGO,TEST_CODIGO,PREG_CODIGO,ALT_CODIGO,VALOR_PUNTAJE) values ('12','2','7','68','25');
Insert into EVALUACIONES.DETALLE_EVALUACION (ALUMNO_CODIGO,TEST_CODIGO,PREG_CODIGO,ALT_CODIGO,VALOR_PUNTAJE) values ('12','2','8','69','50');
Insert into EVALUACIONES.DETALLE_EVALUACION (ALUMNO_CODIGO,TEST_CODIGO,PREG_CODIGO,ALT_CODIGO,VALOR_PUNTAJE) values ('12','2','8','72','50');
Insert into EVALUACIONES.DETALLE_EVALUACION (ALUMNO_CODIGO,TEST_CODIGO,PREG_CODIGO,ALT_CODIGO,VALOR_PUNTAJE) values ('12','2','9','73','50');
Insert into EVALUACIONES.DETALLE_EVALUACION (ALUMNO_CODIGO,TEST_CODIGO,PREG_CODIGO,ALT_CODIGO,VALOR_PUNTAJE) values ('12','2','9','76','50');
Insert into EVALUACIONES.DETALLE_EVALUACION (ALUMNO_CODIGO,TEST_CODIGO,PREG_CODIGO,ALT_CODIGO,VALOR_PUNTAJE) values ('12','2','10','77','50');
Insert into EVALUACIONES.DETALLE_EVALUACION (ALUMNO_CODIGO,TEST_CODIGO,PREG_CODIGO,ALT_CODIGO,VALOR_PUNTAJE) values ('12','2','10','79','50');
Insert into EVALUACIONES.DETALLE_EVALUACION (ALUMNO_CODIGO,TEST_CODIGO,PREG_CODIGO,ALT_CODIGO,VALOR_PUNTAJE) values ('13','1','1','1','50');
Insert into EVALUACIONES.DETALLE_EVALUACION (ALUMNO_CODIGO,TEST_CODIGO,PREG_CODIGO,ALT_CODIGO,VALOR_PUNTAJE) values ('13','1','1','4','50');
Insert into EVALUACIONES.DETALLE_EVALUACION (ALUMNO_CODIGO,TEST_CODIGO,PREG_CODIGO,ALT_CODIGO,VALOR_PUNTAJE) values ('13','1','2','5','25');
Insert into EVALUACIONES.DETALLE_EVALUACION (ALUMNO_CODIGO,TEST_CODIGO,PREG_CODIGO,ALT_CODIGO,VALOR_PUNTAJE) values ('13','1','2','6','25');
Insert into EVALUACIONES.DETALLE_EVALUACION (ALUMNO_CODIGO,TEST_CODIGO,PREG_CODIGO,ALT_CODIGO,VALOR_PUNTAJE) values ('13','1','2','7','25');
Insert into EVALUACIONES.DETALLE_EVALUACION (ALUMNO_CODIGO,TEST_CODIGO,PREG_CODIGO,ALT_CODIGO,VALOR_PUNTAJE) values ('13','1','2','8','25');
Insert into EVALUACIONES.DETALLE_EVALUACION (ALUMNO_CODIGO,TEST_CODIGO,PREG_CODIGO,ALT_CODIGO,VALOR_PUNTAJE) values ('13','1','3','10','50');
Insert into EVALUACIONES.DETALLE_EVALUACION (ALUMNO_CODIGO,TEST_CODIGO,PREG_CODIGO,ALT_CODIGO,VALOR_PUNTAJE) values ('13','1','3','11','50');
Insert into EVALUACIONES.DETALLE_EVALUACION (ALUMNO_CODIGO,TEST_CODIGO,PREG_CODIGO,ALT_CODIGO,VALOR_PUNTAJE) values ('13','1','4','15','50');
Insert into EVALUACIONES.DETALLE_EVALUACION (ALUMNO_CODIGO,TEST_CODIGO,PREG_CODIGO,ALT_CODIGO,VALOR_PUNTAJE) values ('13','1','4','16','50');
Insert into EVALUACIONES.DETALLE_EVALUACION (ALUMNO_CODIGO,TEST_CODIGO,PREG_CODIGO,ALT_CODIGO,VALOR_PUNTAJE) values ('13','1','5','18','50');
Insert into EVALUACIONES.DETALLE_EVALUACION (ALUMNO_CODIGO,TEST_CODIGO,PREG_CODIGO,ALT_CODIGO,VALOR_PUNTAJE) values ('13','1','5','20','50');
Insert into EVALUACIONES.DETALLE_EVALUACION (ALUMNO_CODIGO,TEST_CODIGO,PREG_CODIGO,ALT_CODIGO,VALOR_PUNTAJE) values ('13','1','6','21','50');
Insert into EVALUACIONES.DETALLE_EVALUACION (ALUMNO_CODIGO,TEST_CODIGO,PREG_CODIGO,ALT_CODIGO,VALOR_PUNTAJE) values ('13','1','6','22','50');
Insert into EVALUACIONES.DETALLE_EVALUACION (ALUMNO_CODIGO,TEST_CODIGO,PREG_CODIGO,ALT_CODIGO,VALOR_PUNTAJE) values ('13','1','7','25','50');
Insert into EVALUACIONES.DETALLE_EVALUACION (ALUMNO_CODIGO,TEST_CODIGO,PREG_CODIGO,ALT_CODIGO,VALOR_PUNTAJE) values ('13','1','7','26','50');
Insert into EVALUACIONES.DETALLE_EVALUACION (ALUMNO_CODIGO,TEST_CODIGO,PREG_CODIGO,ALT_CODIGO,VALOR_PUNTAJE) values ('13','1','8','31','50');
Insert into EVALUACIONES.DETALLE_EVALUACION (ALUMNO_CODIGO,TEST_CODIGO,PREG_CODIGO,ALT_CODIGO,VALOR_PUNTAJE) values ('13','1','8','32','50');
Insert into EVALUACIONES.DETALLE_EVALUACION (ALUMNO_CODIGO,TEST_CODIGO,PREG_CODIGO,ALT_CODIGO,VALOR_PUNTAJE) values ('13','1','9','33','25');
Insert into EVALUACIONES.DETALLE_EVALUACION (ALUMNO_CODIGO,TEST_CODIGO,PREG_CODIGO,ALT_CODIGO,VALOR_PUNTAJE) values ('13','1','9','34','25');
Insert into EVALUACIONES.DETALLE_EVALUACION (ALUMNO_CODIGO,TEST_CODIGO,PREG_CODIGO,ALT_CODIGO,VALOR_PUNTAJE) values ('13','1','9','35','25');
Insert into EVALUACIONES.DETALLE_EVALUACION (ALUMNO_CODIGO,TEST_CODIGO,PREG_CODIGO,ALT_CODIGO,VALOR_PUNTAJE) values ('13','1','9','36','25');
Insert into EVALUACIONES.DETALLE_EVALUACION (ALUMNO_CODIGO,TEST_CODIGO,PREG_CODIGO,ALT_CODIGO,VALOR_PUNTAJE) values ('13','1','10','37','25');
Insert into EVALUACIONES.DETALLE_EVALUACION (ALUMNO_CODIGO,TEST_CODIGO,PREG_CODIGO,ALT_CODIGO,VALOR_PUNTAJE) values ('13','1','10','38','25');
Insert into EVALUACIONES.DETALLE_EVALUACION (ALUMNO_CODIGO,TEST_CODIGO,PREG_CODIGO,ALT_CODIGO,VALOR_PUNTAJE) values ('13','1','10','39','25');
Insert into EVALUACIONES.DETALLE_EVALUACION (ALUMNO_CODIGO,TEST_CODIGO,PREG_CODIGO,ALT_CODIGO,VALOR_PUNTAJE) values ('13','1','10','40','25');
Insert into EVALUACIONES.DETALLE_EVALUACION (ALUMNO_CODIGO,TEST_CODIGO,PREG_CODIGO,ALT_CODIGO,VALOR_PUNTAJE) values ('13','2','1','41','25');
Insert into EVALUACIONES.DETALLE_EVALUACION (ALUMNO_CODIGO,TEST_CODIGO,PREG_CODIGO,ALT_CODIGO,VALOR_PUNTAJE) values ('13','2','1','42','25');
Insert into EVALUACIONES.DETALLE_EVALUACION (ALUMNO_CODIGO,TEST_CODIGO,PREG_CODIGO,ALT_CODIGO,VALOR_PUNTAJE) values ('13','2','1','43','25');
Insert into EVALUACIONES.DETALLE_EVALUACION (ALUMNO_CODIGO,TEST_CODIGO,PREG_CODIGO,ALT_CODIGO,VALOR_PUNTAJE) values ('13','2','1','44','25');
Insert into EVALUACIONES.DETALLE_EVALUACION (ALUMNO_CODIGO,TEST_CODIGO,PREG_CODIGO,ALT_CODIGO,VALOR_PUNTAJE) values ('13','2','2','45','25');
Insert into EVALUACIONES.DETALLE_EVALUACION (ALUMNO_CODIGO,TEST_CODIGO,PREG_CODIGO,ALT_CODIGO,VALOR_PUNTAJE) values ('13','2','2','46','25');
Insert into EVALUACIONES.DETALLE_EVALUACION (ALUMNO_CODIGO,TEST_CODIGO,PREG_CODIGO,ALT_CODIGO,VALOR_PUNTAJE) values ('13','2','2','47','25');
Insert into EVALUACIONES.DETALLE_EVALUACION (ALUMNO_CODIGO,TEST_CODIGO,PREG_CODIGO,ALT_CODIGO,VALOR_PUNTAJE) values ('13','2','2','48','25');
Insert into EVALUACIONES.DETALLE_EVALUACION (ALUMNO_CODIGO,TEST_CODIGO,PREG_CODIGO,ALT_CODIGO,VALOR_PUNTAJE) values ('13','2','3','49','50');
Insert into EVALUACIONES.DETALLE_EVALUACION (ALUMNO_CODIGO,TEST_CODIGO,PREG_CODIGO,ALT_CODIGO,VALOR_PUNTAJE) values ('13','2','3','51','50');
Insert into EVALUACIONES.DETALLE_EVALUACION (ALUMNO_CODIGO,TEST_CODIGO,PREG_CODIGO,ALT_CODIGO,VALOR_PUNTAJE) values ('13','2','4','53','50');
Insert into EVALUACIONES.DETALLE_EVALUACION (ALUMNO_CODIGO,TEST_CODIGO,PREG_CODIGO,ALT_CODIGO,VALOR_PUNTAJE) values ('13','2','4','56','50');
Insert into EVALUACIONES.DETALLE_EVALUACION (ALUMNO_CODIGO,TEST_CODIGO,PREG_CODIGO,ALT_CODIGO,VALOR_PUNTAJE) values ('13','2','5','57','25');
Insert into EVALUACIONES.DETALLE_EVALUACION (ALUMNO_CODIGO,TEST_CODIGO,PREG_CODIGO,ALT_CODIGO,VALOR_PUNTAJE) values ('13','2','5','58','25');
Insert into EVALUACIONES.DETALLE_EVALUACION (ALUMNO_CODIGO,TEST_CODIGO,PREG_CODIGO,ALT_CODIGO,VALOR_PUNTAJE) values ('13','2','5','59','25');
Insert into EVALUACIONES.DETALLE_EVALUACION (ALUMNO_CODIGO,TEST_CODIGO,PREG_CODIGO,ALT_CODIGO,VALOR_PUNTAJE) values ('13','2','5','60','25');
Insert into EVALUACIONES.DETALLE_EVALUACION (ALUMNO_CODIGO,TEST_CODIGO,PREG_CODIGO,ALT_CODIGO,VALOR_PUNTAJE) values ('13','2','6','61','25');
Insert into EVALUACIONES.DETALLE_EVALUACION (ALUMNO_CODIGO,TEST_CODIGO,PREG_CODIGO,ALT_CODIGO,VALOR_PUNTAJE) values ('13','2','6','62','25');
Insert into EVALUACIONES.DETALLE_EVALUACION (ALUMNO_CODIGO,TEST_CODIGO,PREG_CODIGO,ALT_CODIGO,VALOR_PUNTAJE) values ('13','2','6','63','25');
Insert into EVALUACIONES.DETALLE_EVALUACION (ALUMNO_CODIGO,TEST_CODIGO,PREG_CODIGO,ALT_CODIGO,VALOR_PUNTAJE) values ('13','2','6','64','25');
Insert into EVALUACIONES.DETALLE_EVALUACION (ALUMNO_CODIGO,TEST_CODIGO,PREG_CODIGO,ALT_CODIGO,VALOR_PUNTAJE) values ('13','2','7','65','25');
Insert into EVALUACIONES.DETALLE_EVALUACION (ALUMNO_CODIGO,TEST_CODIGO,PREG_CODIGO,ALT_CODIGO,VALOR_PUNTAJE) values ('13','2','7','66','25');
Insert into EVALUACIONES.DETALLE_EVALUACION (ALUMNO_CODIGO,TEST_CODIGO,PREG_CODIGO,ALT_CODIGO,VALOR_PUNTAJE) values ('13','2','7','67','25');
Insert into EVALUACIONES.DETALLE_EVALUACION (ALUMNO_CODIGO,TEST_CODIGO,PREG_CODIGO,ALT_CODIGO,VALOR_PUNTAJE) values ('13','2','7','68','25');
Insert into EVALUACIONES.DETALLE_EVALUACION (ALUMNO_CODIGO,TEST_CODIGO,PREG_CODIGO,ALT_CODIGO,VALOR_PUNTAJE) values ('13','2','8','69','50');
Insert into EVALUACIONES.DETALLE_EVALUACION (ALUMNO_CODIGO,TEST_CODIGO,PREG_CODIGO,ALT_CODIGO,VALOR_PUNTAJE) values ('13','2','8','72','50');
Insert into EVALUACIONES.DETALLE_EVALUACION (ALUMNO_CODIGO,TEST_CODIGO,PREG_CODIGO,ALT_CODIGO,VALOR_PUNTAJE) values ('13','2','9','73','50');
Insert into EVALUACIONES.DETALLE_EVALUACION (ALUMNO_CODIGO,TEST_CODIGO,PREG_CODIGO,ALT_CODIGO,VALOR_PUNTAJE) values ('13','2','9','76','50');
Insert into EVALUACIONES.DETALLE_EVALUACION (ALUMNO_CODIGO,TEST_CODIGO,PREG_CODIGO,ALT_CODIGO,VALOR_PUNTAJE) values ('13','2','10','77','50');
Insert into EVALUACIONES.DETALLE_EVALUACION (ALUMNO_CODIGO,TEST_CODIGO,PREG_CODIGO,ALT_CODIGO,VALOR_PUNTAJE) values ('13','2','10','79','50');
Insert into EVALUACIONES.DETALLE_EVALUACION (ALUMNO_CODIGO,TEST_CODIGO,PREG_CODIGO,ALT_CODIGO,VALOR_PUNTAJE) values ('14','1','1','1','50');
Insert into EVALUACIONES.DETALLE_EVALUACION (ALUMNO_CODIGO,TEST_CODIGO,PREG_CODIGO,ALT_CODIGO,VALOR_PUNTAJE) values ('14','1','1','4','50');
Insert into EVALUACIONES.DETALLE_EVALUACION (ALUMNO_CODIGO,TEST_CODIGO,PREG_CODIGO,ALT_CODIGO,VALOR_PUNTAJE) values ('14','1','2','5','25');
Insert into EVALUACIONES.DETALLE_EVALUACION (ALUMNO_CODIGO,TEST_CODIGO,PREG_CODIGO,ALT_CODIGO,VALOR_PUNTAJE) values ('14','1','2','6','25');
Insert into EVALUACIONES.DETALLE_EVALUACION (ALUMNO_CODIGO,TEST_CODIGO,PREG_CODIGO,ALT_CODIGO,VALOR_PUNTAJE) values ('14','1','2','7','25');
Insert into EVALUACIONES.DETALLE_EVALUACION (ALUMNO_CODIGO,TEST_CODIGO,PREG_CODIGO,ALT_CODIGO,VALOR_PUNTAJE) values ('14','1','2','8','25');
Insert into EVALUACIONES.DETALLE_EVALUACION (ALUMNO_CODIGO,TEST_CODIGO,PREG_CODIGO,ALT_CODIGO,VALOR_PUNTAJE) values ('14','1','3','10','50');
Insert into EVALUACIONES.DETALLE_EVALUACION (ALUMNO_CODIGO,TEST_CODIGO,PREG_CODIGO,ALT_CODIGO,VALOR_PUNTAJE) values ('14','1','3','11','50');
Insert into EVALUACIONES.DETALLE_EVALUACION (ALUMNO_CODIGO,TEST_CODIGO,PREG_CODIGO,ALT_CODIGO,VALOR_PUNTAJE) values ('14','1','4','15','50');
Insert into EVALUACIONES.DETALLE_EVALUACION (ALUMNO_CODIGO,TEST_CODIGO,PREG_CODIGO,ALT_CODIGO,VALOR_PUNTAJE) values ('14','1','4','16','50');
Insert into EVALUACIONES.DETALLE_EVALUACION (ALUMNO_CODIGO,TEST_CODIGO,PREG_CODIGO,ALT_CODIGO,VALOR_PUNTAJE) values ('14','1','5','18','50');
Insert into EVALUACIONES.DETALLE_EVALUACION (ALUMNO_CODIGO,TEST_CODIGO,PREG_CODIGO,ALT_CODIGO,VALOR_PUNTAJE) values ('14','1','5','20','50');
Insert into EVALUACIONES.DETALLE_EVALUACION (ALUMNO_CODIGO,TEST_CODIGO,PREG_CODIGO,ALT_CODIGO,VALOR_PUNTAJE) values ('14','1','6','21','50');
Insert into EVALUACIONES.DETALLE_EVALUACION (ALUMNO_CODIGO,TEST_CODIGO,PREG_CODIGO,ALT_CODIGO,VALOR_PUNTAJE) values ('14','1','6','22','50');
Insert into EVALUACIONES.DETALLE_EVALUACION (ALUMNO_CODIGO,TEST_CODIGO,PREG_CODIGO,ALT_CODIGO,VALOR_PUNTAJE) values ('14','1','7','25','50');
Insert into EVALUACIONES.DETALLE_EVALUACION (ALUMNO_CODIGO,TEST_CODIGO,PREG_CODIGO,ALT_CODIGO,VALOR_PUNTAJE) values ('14','1','7','26','50');
Insert into EVALUACIONES.DETALLE_EVALUACION (ALUMNO_CODIGO,TEST_CODIGO,PREG_CODIGO,ALT_CODIGO,VALOR_PUNTAJE) values ('14','1','8','31','50');
Insert into EVALUACIONES.DETALLE_EVALUACION (ALUMNO_CODIGO,TEST_CODIGO,PREG_CODIGO,ALT_CODIGO,VALOR_PUNTAJE) values ('14','1','8','32','50');
Insert into EVALUACIONES.DETALLE_EVALUACION (ALUMNO_CODIGO,TEST_CODIGO,PREG_CODIGO,ALT_CODIGO,VALOR_PUNTAJE) values ('14','1','9','33','25');
Insert into EVALUACIONES.DETALLE_EVALUACION (ALUMNO_CODIGO,TEST_CODIGO,PREG_CODIGO,ALT_CODIGO,VALOR_PUNTAJE) values ('14','1','9','34','25');
Insert into EVALUACIONES.DETALLE_EVALUACION (ALUMNO_CODIGO,TEST_CODIGO,PREG_CODIGO,ALT_CODIGO,VALOR_PUNTAJE) values ('14','1','9','35','25');
Insert into EVALUACIONES.DETALLE_EVALUACION (ALUMNO_CODIGO,TEST_CODIGO,PREG_CODIGO,ALT_CODIGO,VALOR_PUNTAJE) values ('14','1','9','36','25');
Insert into EVALUACIONES.DETALLE_EVALUACION (ALUMNO_CODIGO,TEST_CODIGO,PREG_CODIGO,ALT_CODIGO,VALOR_PUNTAJE) values ('14','1','10','37','25');
Insert into EVALUACIONES.DETALLE_EVALUACION (ALUMNO_CODIGO,TEST_CODIGO,PREG_CODIGO,ALT_CODIGO,VALOR_PUNTAJE) values ('14','1','10','38','25');
Insert into EVALUACIONES.DETALLE_EVALUACION (ALUMNO_CODIGO,TEST_CODIGO,PREG_CODIGO,ALT_CODIGO,VALOR_PUNTAJE) values ('14','1','10','39','25');
Insert into EVALUACIONES.DETALLE_EVALUACION (ALUMNO_CODIGO,TEST_CODIGO,PREG_CODIGO,ALT_CODIGO,VALOR_PUNTAJE) values ('14','1','10','40','25');
Insert into EVALUACIONES.DETALLE_EVALUACION (ALUMNO_CODIGO,TEST_CODIGO,PREG_CODIGO,ALT_CODIGO,VALOR_PUNTAJE) values ('14','2','1','41','25');
Insert into EVALUACIONES.DETALLE_EVALUACION (ALUMNO_CODIGO,TEST_CODIGO,PREG_CODIGO,ALT_CODIGO,VALOR_PUNTAJE) values ('14','2','1','42','25');
Insert into EVALUACIONES.DETALLE_EVALUACION (ALUMNO_CODIGO,TEST_CODIGO,PREG_CODIGO,ALT_CODIGO,VALOR_PUNTAJE) values ('14','2','1','43','25');
Insert into EVALUACIONES.DETALLE_EVALUACION (ALUMNO_CODIGO,TEST_CODIGO,PREG_CODIGO,ALT_CODIGO,VALOR_PUNTAJE) values ('14','2','1','44','25');
Insert into EVALUACIONES.DETALLE_EVALUACION (ALUMNO_CODIGO,TEST_CODIGO,PREG_CODIGO,ALT_CODIGO,VALOR_PUNTAJE) values ('14','2','2','45','25');
Insert into EVALUACIONES.DETALLE_EVALUACION (ALUMNO_CODIGO,TEST_CODIGO,PREG_CODIGO,ALT_CODIGO,VALOR_PUNTAJE) values ('14','2','2','46','25');
Insert into EVALUACIONES.DETALLE_EVALUACION (ALUMNO_CODIGO,TEST_CODIGO,PREG_CODIGO,ALT_CODIGO,VALOR_PUNTAJE) values ('14','2','2','47','25');
Insert into EVALUACIONES.DETALLE_EVALUACION (ALUMNO_CODIGO,TEST_CODIGO,PREG_CODIGO,ALT_CODIGO,VALOR_PUNTAJE) values ('14','2','2','48','25');
Insert into EVALUACIONES.DETALLE_EVALUACION (ALUMNO_CODIGO,TEST_CODIGO,PREG_CODIGO,ALT_CODIGO,VALOR_PUNTAJE) values ('14','2','3','49','50');
Insert into EVALUACIONES.DETALLE_EVALUACION (ALUMNO_CODIGO,TEST_CODIGO,PREG_CODIGO,ALT_CODIGO,VALOR_PUNTAJE) values ('14','2','3','51','50');
Insert into EVALUACIONES.DETALLE_EVALUACION (ALUMNO_CODIGO,TEST_CODIGO,PREG_CODIGO,ALT_CODIGO,VALOR_PUNTAJE) values ('14','2','4','53','50');
Insert into EVALUACIONES.DETALLE_EVALUACION (ALUMNO_CODIGO,TEST_CODIGO,PREG_CODIGO,ALT_CODIGO,VALOR_PUNTAJE) values ('14','2','4','56','50');
Insert into EVALUACIONES.DETALLE_EVALUACION (ALUMNO_CODIGO,TEST_CODIGO,PREG_CODIGO,ALT_CODIGO,VALOR_PUNTAJE) values ('14','2','5','57','25');
Insert into EVALUACIONES.DETALLE_EVALUACION (ALUMNO_CODIGO,TEST_CODIGO,PREG_CODIGO,ALT_CODIGO,VALOR_PUNTAJE) values ('14','2','5','58','25');
Insert into EVALUACIONES.DETALLE_EVALUACION (ALUMNO_CODIGO,TEST_CODIGO,PREG_CODIGO,ALT_CODIGO,VALOR_PUNTAJE) values ('14','2','5','59','25');
Insert into EVALUACIONES.DETALLE_EVALUACION (ALUMNO_CODIGO,TEST_CODIGO,PREG_CODIGO,ALT_CODIGO,VALOR_PUNTAJE) values ('14','2','5','60','25');
Insert into EVALUACIONES.DETALLE_EVALUACION (ALUMNO_CODIGO,TEST_CODIGO,PREG_CODIGO,ALT_CODIGO,VALOR_PUNTAJE) values ('14','2','6','61','25');
Insert into EVALUACIONES.DETALLE_EVALUACION (ALUMNO_CODIGO,TEST_CODIGO,PREG_CODIGO,ALT_CODIGO,VALOR_PUNTAJE) values ('14','2','6','62','25');
Insert into EVALUACIONES.DETALLE_EVALUACION (ALUMNO_CODIGO,TEST_CODIGO,PREG_CODIGO,ALT_CODIGO,VALOR_PUNTAJE) values ('14','2','6','63','25');
Insert into EVALUACIONES.DETALLE_EVALUACION (ALUMNO_CODIGO,TEST_CODIGO,PREG_CODIGO,ALT_CODIGO,VALOR_PUNTAJE) values ('14','2','6','64','25');
Insert into EVALUACIONES.DETALLE_EVALUACION (ALUMNO_CODIGO,TEST_CODIGO,PREG_CODIGO,ALT_CODIGO,VALOR_PUNTAJE) values ('14','2','7','65','25');
Insert into EVALUACIONES.DETALLE_EVALUACION (ALUMNO_CODIGO,TEST_CODIGO,PREG_CODIGO,ALT_CODIGO,VALOR_PUNTAJE) values ('14','2','7','66','25');
Insert into EVALUACIONES.DETALLE_EVALUACION (ALUMNO_CODIGO,TEST_CODIGO,PREG_CODIGO,ALT_CODIGO,VALOR_PUNTAJE) values ('14','2','7','67','25');
Insert into EVALUACIONES.DETALLE_EVALUACION (ALUMNO_CODIGO,TEST_CODIGO,PREG_CODIGO,ALT_CODIGO,VALOR_PUNTAJE) values ('14','2','7','68','25');
Insert into EVALUACIONES.DETALLE_EVALUACION (ALUMNO_CODIGO,TEST_CODIGO,PREG_CODIGO,ALT_CODIGO,VALOR_PUNTAJE) values ('14','2','8','69','50');
Insert into EVALUACIONES.DETALLE_EVALUACION (ALUMNO_CODIGO,TEST_CODIGO,PREG_CODIGO,ALT_CODIGO,VALOR_PUNTAJE) values ('14','2','8','72','50');
Insert into EVALUACIONES.DETALLE_EVALUACION (ALUMNO_CODIGO,TEST_CODIGO,PREG_CODIGO,ALT_CODIGO,VALOR_PUNTAJE) values ('14','2','9','73','50');
Insert into EVALUACIONES.DETALLE_EVALUACION (ALUMNO_CODIGO,TEST_CODIGO,PREG_CODIGO,ALT_CODIGO,VALOR_PUNTAJE) values ('14','2','9','76','50');
Insert into EVALUACIONES.DETALLE_EVALUACION (ALUMNO_CODIGO,TEST_CODIGO,PREG_CODIGO,ALT_CODIGO,VALOR_PUNTAJE) values ('14','2','10','77','50');
Insert into EVALUACIONES.DETALLE_EVALUACION (ALUMNO_CODIGO,TEST_CODIGO,PREG_CODIGO,ALT_CODIGO,VALOR_PUNTAJE) values ('14','2','10','79','50');
Insert into EVALUACIONES.DETALLE_EVALUACION (ALUMNO_CODIGO,TEST_CODIGO,PREG_CODIGO,ALT_CODIGO,VALOR_PUNTAJE) values ('15','1','1','1','50');
Insert into EVALUACIONES.DETALLE_EVALUACION (ALUMNO_CODIGO,TEST_CODIGO,PREG_CODIGO,ALT_CODIGO,VALOR_PUNTAJE) values ('15','1','1','4','50');
Insert into EVALUACIONES.DETALLE_EVALUACION (ALUMNO_CODIGO,TEST_CODIGO,PREG_CODIGO,ALT_CODIGO,VALOR_PUNTAJE) values ('15','1','2','5','25');
Insert into EVALUACIONES.DETALLE_EVALUACION (ALUMNO_CODIGO,TEST_CODIGO,PREG_CODIGO,ALT_CODIGO,VALOR_PUNTAJE) values ('15','1','2','6','25');
Insert into EVALUACIONES.DETALLE_EVALUACION (ALUMNO_CODIGO,TEST_CODIGO,PREG_CODIGO,ALT_CODIGO,VALOR_PUNTAJE) values ('15','1','2','7','25');
Insert into EVALUACIONES.DETALLE_EVALUACION (ALUMNO_CODIGO,TEST_CODIGO,PREG_CODIGO,ALT_CODIGO,VALOR_PUNTAJE) values ('15','1','2','8','25');
Insert into EVALUACIONES.DETALLE_EVALUACION (ALUMNO_CODIGO,TEST_CODIGO,PREG_CODIGO,ALT_CODIGO,VALOR_PUNTAJE) values ('15','1','3','10','50');
Insert into EVALUACIONES.DETALLE_EVALUACION (ALUMNO_CODIGO,TEST_CODIGO,PREG_CODIGO,ALT_CODIGO,VALOR_PUNTAJE) values ('15','1','3','11','50');
Insert into EVALUACIONES.DETALLE_EVALUACION (ALUMNO_CODIGO,TEST_CODIGO,PREG_CODIGO,ALT_CODIGO,VALOR_PUNTAJE) values ('15','1','4','15','50');
Insert into EVALUACIONES.DETALLE_EVALUACION (ALUMNO_CODIGO,TEST_CODIGO,PREG_CODIGO,ALT_CODIGO,VALOR_PUNTAJE) values ('15','1','4','16','50');
Insert into EVALUACIONES.DETALLE_EVALUACION (ALUMNO_CODIGO,TEST_CODIGO,PREG_CODIGO,ALT_CODIGO,VALOR_PUNTAJE) values ('15','1','5','18','50');
Insert into EVALUACIONES.DETALLE_EVALUACION (ALUMNO_CODIGO,TEST_CODIGO,PREG_CODIGO,ALT_CODIGO,VALOR_PUNTAJE) values ('15','1','5','20','50');
Insert into EVALUACIONES.DETALLE_EVALUACION (ALUMNO_CODIGO,TEST_CODIGO,PREG_CODIGO,ALT_CODIGO,VALOR_PUNTAJE) values ('15','1','6','21','50');
Insert into EVALUACIONES.DETALLE_EVALUACION (ALUMNO_CODIGO,TEST_CODIGO,PREG_CODIGO,ALT_CODIGO,VALOR_PUNTAJE) values ('15','1','6','22','50');
Insert into EVALUACIONES.DETALLE_EVALUACION (ALUMNO_CODIGO,TEST_CODIGO,PREG_CODIGO,ALT_CODIGO,VALOR_PUNTAJE) values ('15','1','7','25','50');
Insert into EVALUACIONES.DETALLE_EVALUACION (ALUMNO_CODIGO,TEST_CODIGO,PREG_CODIGO,ALT_CODIGO,VALOR_PUNTAJE) values ('15','1','7','26','50');
Insert into EVALUACIONES.DETALLE_EVALUACION (ALUMNO_CODIGO,TEST_CODIGO,PREG_CODIGO,ALT_CODIGO,VALOR_PUNTAJE) values ('15','1','8','31','50');
Insert into EVALUACIONES.DETALLE_EVALUACION (ALUMNO_CODIGO,TEST_CODIGO,PREG_CODIGO,ALT_CODIGO,VALOR_PUNTAJE) values ('15','1','8','32','50');
Insert into EVALUACIONES.DETALLE_EVALUACION (ALUMNO_CODIGO,TEST_CODIGO,PREG_CODIGO,ALT_CODIGO,VALOR_PUNTAJE) values ('15','1','9','33','25');
Insert into EVALUACIONES.DETALLE_EVALUACION (ALUMNO_CODIGO,TEST_CODIGO,PREG_CODIGO,ALT_CODIGO,VALOR_PUNTAJE) values ('15','1','9','34','25');
Insert into EVALUACIONES.DETALLE_EVALUACION (ALUMNO_CODIGO,TEST_CODIGO,PREG_CODIGO,ALT_CODIGO,VALOR_PUNTAJE) values ('15','1','9','35','25');
Insert into EVALUACIONES.DETALLE_EVALUACION (ALUMNO_CODIGO,TEST_CODIGO,PREG_CODIGO,ALT_CODIGO,VALOR_PUNTAJE) values ('15','1','9','36','25');
Insert into EVALUACIONES.DETALLE_EVALUACION (ALUMNO_CODIGO,TEST_CODIGO,PREG_CODIGO,ALT_CODIGO,VALOR_PUNTAJE) values ('15','1','10','37','25');
Insert into EVALUACIONES.DETALLE_EVALUACION (ALUMNO_CODIGO,TEST_CODIGO,PREG_CODIGO,ALT_CODIGO,VALOR_PUNTAJE) values ('15','1','10','38','25');
Insert into EVALUACIONES.DETALLE_EVALUACION (ALUMNO_CODIGO,TEST_CODIGO,PREG_CODIGO,ALT_CODIGO,VALOR_PUNTAJE) values ('15','1','10','39','25');
Insert into EVALUACIONES.DETALLE_EVALUACION (ALUMNO_CODIGO,TEST_CODIGO,PREG_CODIGO,ALT_CODIGO,VALOR_PUNTAJE) values ('15','1','10','40','25');
Insert into EVALUACIONES.DETALLE_EVALUACION (ALUMNO_CODIGO,TEST_CODIGO,PREG_CODIGO,ALT_CODIGO,VALOR_PUNTAJE) values ('15','2','1','41','25');
Insert into EVALUACIONES.DETALLE_EVALUACION (ALUMNO_CODIGO,TEST_CODIGO,PREG_CODIGO,ALT_CODIGO,VALOR_PUNTAJE) values ('15','2','1','42','25');
Insert into EVALUACIONES.DETALLE_EVALUACION (ALUMNO_CODIGO,TEST_CODIGO,PREG_CODIGO,ALT_CODIGO,VALOR_PUNTAJE) values ('15','2','1','43','25');
Insert into EVALUACIONES.DETALLE_EVALUACION (ALUMNO_CODIGO,TEST_CODIGO,PREG_CODIGO,ALT_CODIGO,VALOR_PUNTAJE) values ('15','2','1','44','25');
Insert into EVALUACIONES.DETALLE_EVALUACION (ALUMNO_CODIGO,TEST_CODIGO,PREG_CODIGO,ALT_CODIGO,VALOR_PUNTAJE) values ('15','2','2','45','25');
Insert into EVALUACIONES.DETALLE_EVALUACION (ALUMNO_CODIGO,TEST_CODIGO,PREG_CODIGO,ALT_CODIGO,VALOR_PUNTAJE) values ('15','2','2','46','25');
Insert into EVALUACIONES.DETALLE_EVALUACION (ALUMNO_CODIGO,TEST_CODIGO,PREG_CODIGO,ALT_CODIGO,VALOR_PUNTAJE) values ('15','2','2','47','25');
Insert into EVALUACIONES.DETALLE_EVALUACION (ALUMNO_CODIGO,TEST_CODIGO,PREG_CODIGO,ALT_CODIGO,VALOR_PUNTAJE) values ('15','2','2','48','25');
Insert into EVALUACIONES.DETALLE_EVALUACION (ALUMNO_CODIGO,TEST_CODIGO,PREG_CODIGO,ALT_CODIGO,VALOR_PUNTAJE) values ('15','2','3','49','50');
Insert into EVALUACIONES.DETALLE_EVALUACION (ALUMNO_CODIGO,TEST_CODIGO,PREG_CODIGO,ALT_CODIGO,VALOR_PUNTAJE) values ('15','2','3','51','50');
Insert into EVALUACIONES.DETALLE_EVALUACION (ALUMNO_CODIGO,TEST_CODIGO,PREG_CODIGO,ALT_CODIGO,VALOR_PUNTAJE) values ('15','2','4','53','50');
Insert into EVALUACIONES.DETALLE_EVALUACION (ALUMNO_CODIGO,TEST_CODIGO,PREG_CODIGO,ALT_CODIGO,VALOR_PUNTAJE) values ('15','2','4','56','50');
Insert into EVALUACIONES.DETALLE_EVALUACION (ALUMNO_CODIGO,TEST_CODIGO,PREG_CODIGO,ALT_CODIGO,VALOR_PUNTAJE) values ('15','2','5','57','25');
Insert into EVALUACIONES.DETALLE_EVALUACION (ALUMNO_CODIGO,TEST_CODIGO,PREG_CODIGO,ALT_CODIGO,VALOR_PUNTAJE) values ('15','2','5','58','25');
Insert into EVALUACIONES.DETALLE_EVALUACION (ALUMNO_CODIGO,TEST_CODIGO,PREG_CODIGO,ALT_CODIGO,VALOR_PUNTAJE) values ('15','2','5','59','25');
Insert into EVALUACIONES.DETALLE_EVALUACION (ALUMNO_CODIGO,TEST_CODIGO,PREG_CODIGO,ALT_CODIGO,VALOR_PUNTAJE) values ('15','2','5','60','25');
Insert into EVALUACIONES.DETALLE_EVALUACION (ALUMNO_CODIGO,TEST_CODIGO,PREG_CODIGO,ALT_CODIGO,VALOR_PUNTAJE) values ('15','2','6','61','25');
Insert into EVALUACIONES.DETALLE_EVALUACION (ALUMNO_CODIGO,TEST_CODIGO,PREG_CODIGO,ALT_CODIGO,VALOR_PUNTAJE) values ('15','2','6','62','25');
Insert into EVALUACIONES.DETALLE_EVALUACION (ALUMNO_CODIGO,TEST_CODIGO,PREG_CODIGO,ALT_CODIGO,VALOR_PUNTAJE) values ('15','2','6','63','25');
Insert into EVALUACIONES.DETALLE_EVALUACION (ALUMNO_CODIGO,TEST_CODIGO,PREG_CODIGO,ALT_CODIGO,VALOR_PUNTAJE) values ('15','2','6','64','25');
Insert into EVALUACIONES.DETALLE_EVALUACION (ALUMNO_CODIGO,TEST_CODIGO,PREG_CODIGO,ALT_CODIGO,VALOR_PUNTAJE) values ('15','2','7','65','25');
Insert into EVALUACIONES.DETALLE_EVALUACION (ALUMNO_CODIGO,TEST_CODIGO,PREG_CODIGO,ALT_CODIGO,VALOR_PUNTAJE) values ('15','2','7','66','25');
Insert into EVALUACIONES.DETALLE_EVALUACION (ALUMNO_CODIGO,TEST_CODIGO,PREG_CODIGO,ALT_CODIGO,VALOR_PUNTAJE) values ('15','2','7','67','25');
Insert into EVALUACIONES.DETALLE_EVALUACION (ALUMNO_CODIGO,TEST_CODIGO,PREG_CODIGO,ALT_CODIGO,VALOR_PUNTAJE) values ('15','2','7','68','25');
Insert into EVALUACIONES.DETALLE_EVALUACION (ALUMNO_CODIGO,TEST_CODIGO,PREG_CODIGO,ALT_CODIGO,VALOR_PUNTAJE) values ('15','2','8','69','50');
Insert into EVALUACIONES.DETALLE_EVALUACION (ALUMNO_CODIGO,TEST_CODIGO,PREG_CODIGO,ALT_CODIGO,VALOR_PUNTAJE) values ('15','2','8','72','50');
Insert into EVALUACIONES.DETALLE_EVALUACION (ALUMNO_CODIGO,TEST_CODIGO,PREG_CODIGO,ALT_CODIGO,VALOR_PUNTAJE) values ('15','2','9','73','50');
Insert into EVALUACIONES.DETALLE_EVALUACION (ALUMNO_CODIGO,TEST_CODIGO,PREG_CODIGO,ALT_CODIGO,VALOR_PUNTAJE) values ('15','2','9','76','50');
Insert into EVALUACIONES.DETALLE_EVALUACION (ALUMNO_CODIGO,TEST_CODIGO,PREG_CODIGO,ALT_CODIGO,VALOR_PUNTAJE) values ('15','2','10','77','50');
Insert into EVALUACIONES.DETALLE_EVALUACION (ALUMNO_CODIGO,TEST_CODIGO,PREG_CODIGO,ALT_CODIGO,VALOR_PUNTAJE) values ('15','2','10','79','50');
Insert into EVALUACIONES.DETALLE_EVALUACION (ALUMNO_CODIGO,TEST_CODIGO,PREG_CODIGO,ALT_CODIGO,VALOR_PUNTAJE) values ('16','1','1','1','50');
Insert into EVALUACIONES.DETALLE_EVALUACION (ALUMNO_CODIGO,TEST_CODIGO,PREG_CODIGO,ALT_CODIGO,VALOR_PUNTAJE) values ('16','1','1','4','50');
Insert into EVALUACIONES.DETALLE_EVALUACION (ALUMNO_CODIGO,TEST_CODIGO,PREG_CODIGO,ALT_CODIGO,VALOR_PUNTAJE) values ('16','1','2','5','25');
Insert into EVALUACIONES.DETALLE_EVALUACION (ALUMNO_CODIGO,TEST_CODIGO,PREG_CODIGO,ALT_CODIGO,VALOR_PUNTAJE) values ('16','1','2','6','25');
Insert into EVALUACIONES.DETALLE_EVALUACION (ALUMNO_CODIGO,TEST_CODIGO,PREG_CODIGO,ALT_CODIGO,VALOR_PUNTAJE) values ('16','1','2','7','25');
Insert into EVALUACIONES.DETALLE_EVALUACION (ALUMNO_CODIGO,TEST_CODIGO,PREG_CODIGO,ALT_CODIGO,VALOR_PUNTAJE) values ('16','1','2','8','25');
Insert into EVALUACIONES.DETALLE_EVALUACION (ALUMNO_CODIGO,TEST_CODIGO,PREG_CODIGO,ALT_CODIGO,VALOR_PUNTAJE) values ('16','1','3','10','50');
Insert into EVALUACIONES.DETALLE_EVALUACION (ALUMNO_CODIGO,TEST_CODIGO,PREG_CODIGO,ALT_CODIGO,VALOR_PUNTAJE) values ('16','1','3','11','50');
Insert into EVALUACIONES.DETALLE_EVALUACION (ALUMNO_CODIGO,TEST_CODIGO,PREG_CODIGO,ALT_CODIGO,VALOR_PUNTAJE) values ('16','1','4','15','50');
Insert into EVALUACIONES.DETALLE_EVALUACION (ALUMNO_CODIGO,TEST_CODIGO,PREG_CODIGO,ALT_CODIGO,VALOR_PUNTAJE) values ('16','1','4','16','50');
Insert into EVALUACIONES.DETALLE_EVALUACION (ALUMNO_CODIGO,TEST_CODIGO,PREG_CODIGO,ALT_CODIGO,VALOR_PUNTAJE) values ('16','1','5','18','50');
Insert into EVALUACIONES.DETALLE_EVALUACION (ALUMNO_CODIGO,TEST_CODIGO,PREG_CODIGO,ALT_CODIGO,VALOR_PUNTAJE) values ('16','1','5','20','50');
Insert into EVALUACIONES.DETALLE_EVALUACION (ALUMNO_CODIGO,TEST_CODIGO,PREG_CODIGO,ALT_CODIGO,VALOR_PUNTAJE) values ('16','1','6','21','50');
Insert into EVALUACIONES.DETALLE_EVALUACION (ALUMNO_CODIGO,TEST_CODIGO,PREG_CODIGO,ALT_CODIGO,VALOR_PUNTAJE) values ('16','1','6','22','50');
Insert into EVALUACIONES.DETALLE_EVALUACION (ALUMNO_CODIGO,TEST_CODIGO,PREG_CODIGO,ALT_CODIGO,VALOR_PUNTAJE) values ('16','1','7','25','50');
Insert into EVALUACIONES.DETALLE_EVALUACION (ALUMNO_CODIGO,TEST_CODIGO,PREG_CODIGO,ALT_CODIGO,VALOR_PUNTAJE) values ('16','1','7','26','50');
Insert into EVALUACIONES.DETALLE_EVALUACION (ALUMNO_CODIGO,TEST_CODIGO,PREG_CODIGO,ALT_CODIGO,VALOR_PUNTAJE) values ('16','1','8','31','50');
Insert into EVALUACIONES.DETALLE_EVALUACION (ALUMNO_CODIGO,TEST_CODIGO,PREG_CODIGO,ALT_CODIGO,VALOR_PUNTAJE) values ('16','1','8','32','50');
Insert into EVALUACIONES.DETALLE_EVALUACION (ALUMNO_CODIGO,TEST_CODIGO,PREG_CODIGO,ALT_CODIGO,VALOR_PUNTAJE) values ('16','1','9','33','25');
Insert into EVALUACIONES.DETALLE_EVALUACION (ALUMNO_CODIGO,TEST_CODIGO,PREG_CODIGO,ALT_CODIGO,VALOR_PUNTAJE) values ('16','1','9','34','25');
Insert into EVALUACIONES.DETALLE_EVALUACION (ALUMNO_CODIGO,TEST_CODIGO,PREG_CODIGO,ALT_CODIGO,VALOR_PUNTAJE) values ('16','1','9','35','25');
Insert into EVALUACIONES.DETALLE_EVALUACION (ALUMNO_CODIGO,TEST_CODIGO,PREG_CODIGO,ALT_CODIGO,VALOR_PUNTAJE) values ('16','1','9','36','25');
Insert into EVALUACIONES.DETALLE_EVALUACION (ALUMNO_CODIGO,TEST_CODIGO,PREG_CODIGO,ALT_CODIGO,VALOR_PUNTAJE) values ('16','1','10','37','25');
Insert into EVALUACIONES.DETALLE_EVALUACION (ALUMNO_CODIGO,TEST_CODIGO,PREG_CODIGO,ALT_CODIGO,VALOR_PUNTAJE) values ('16','1','10','38','25');
Insert into EVALUACIONES.DETALLE_EVALUACION (ALUMNO_CODIGO,TEST_CODIGO,PREG_CODIGO,ALT_CODIGO,VALOR_PUNTAJE) values ('16','1','10','39','25');
Insert into EVALUACIONES.DETALLE_EVALUACION (ALUMNO_CODIGO,TEST_CODIGO,PREG_CODIGO,ALT_CODIGO,VALOR_PUNTAJE) values ('16','1','10','40','25');
Insert into EVALUACIONES.DETALLE_EVALUACION (ALUMNO_CODIGO,TEST_CODIGO,PREG_CODIGO,ALT_CODIGO,VALOR_PUNTAJE) values ('16','2','1','41','25');
Insert into EVALUACIONES.DETALLE_EVALUACION (ALUMNO_CODIGO,TEST_CODIGO,PREG_CODIGO,ALT_CODIGO,VALOR_PUNTAJE) values ('16','2','1','42','25');
Insert into EVALUACIONES.DETALLE_EVALUACION (ALUMNO_CODIGO,TEST_CODIGO,PREG_CODIGO,ALT_CODIGO,VALOR_PUNTAJE) values ('16','2','1','43','25');
Insert into EVALUACIONES.DETALLE_EVALUACION (ALUMNO_CODIGO,TEST_CODIGO,PREG_CODIGO,ALT_CODIGO,VALOR_PUNTAJE) values ('16','2','1','44','25');
Insert into EVALUACIONES.DETALLE_EVALUACION (ALUMNO_CODIGO,TEST_CODIGO,PREG_CODIGO,ALT_CODIGO,VALOR_PUNTAJE) values ('16','2','2','45','25');
Insert into EVALUACIONES.DETALLE_EVALUACION (ALUMNO_CODIGO,TEST_CODIGO,PREG_CODIGO,ALT_CODIGO,VALOR_PUNTAJE) values ('16','2','2','46','25');
Insert into EVALUACIONES.DETALLE_EVALUACION (ALUMNO_CODIGO,TEST_CODIGO,PREG_CODIGO,ALT_CODIGO,VALOR_PUNTAJE) values ('16','2','2','47','25');
Insert into EVALUACIONES.DETALLE_EVALUACION (ALUMNO_CODIGO,TEST_CODIGO,PREG_CODIGO,ALT_CODIGO,VALOR_PUNTAJE) values ('16','2','2','48','25');
Insert into EVALUACIONES.DETALLE_EVALUACION (ALUMNO_CODIGO,TEST_CODIGO,PREG_CODIGO,ALT_CODIGO,VALOR_PUNTAJE) values ('16','2','3','49','50');
Insert into EVALUACIONES.DETALLE_EVALUACION (ALUMNO_CODIGO,TEST_CODIGO,PREG_CODIGO,ALT_CODIGO,VALOR_PUNTAJE) values ('16','2','3','51','50');
Insert into EVALUACIONES.DETALLE_EVALUACION (ALUMNO_CODIGO,TEST_CODIGO,PREG_CODIGO,ALT_CODIGO,VALOR_PUNTAJE) values ('16','2','4','53','50');
Insert into EVALUACIONES.DETALLE_EVALUACION (ALUMNO_CODIGO,TEST_CODIGO,PREG_CODIGO,ALT_CODIGO,VALOR_PUNTAJE) values ('16','2','4','56','50');
Insert into EVALUACIONES.DETALLE_EVALUACION (ALUMNO_CODIGO,TEST_CODIGO,PREG_CODIGO,ALT_CODIGO,VALOR_PUNTAJE) values ('16','2','5','57','25');
Insert into EVALUACIONES.DETALLE_EVALUACION (ALUMNO_CODIGO,TEST_CODIGO,PREG_CODIGO,ALT_CODIGO,VALOR_PUNTAJE) values ('16','2','5','58','25');
Insert into EVALUACIONES.DETALLE_EVALUACION (ALUMNO_CODIGO,TEST_CODIGO,PREG_CODIGO,ALT_CODIGO,VALOR_PUNTAJE) values ('16','2','5','59','25');
Insert into EVALUACIONES.DETALLE_EVALUACION (ALUMNO_CODIGO,TEST_CODIGO,PREG_CODIGO,ALT_CODIGO,VALOR_PUNTAJE) values ('16','2','5','60','25');
Insert into EVALUACIONES.DETALLE_EVALUACION (ALUMNO_CODIGO,TEST_CODIGO,PREG_CODIGO,ALT_CODIGO,VALOR_PUNTAJE) values ('16','2','6','61','25');
Insert into EVALUACIONES.DETALLE_EVALUACION (ALUMNO_CODIGO,TEST_CODIGO,PREG_CODIGO,ALT_CODIGO,VALOR_PUNTAJE) values ('16','2','6','62','25');
Insert into EVALUACIONES.DETALLE_EVALUACION (ALUMNO_CODIGO,TEST_CODIGO,PREG_CODIGO,ALT_CODIGO,VALOR_PUNTAJE) values ('16','2','6','63','25');
Insert into EVALUACIONES.DETALLE_EVALUACION (ALUMNO_CODIGO,TEST_CODIGO,PREG_CODIGO,ALT_CODIGO,VALOR_PUNTAJE) values ('16','2','6','64','25');
Insert into EVALUACIONES.DETALLE_EVALUACION (ALUMNO_CODIGO,TEST_CODIGO,PREG_CODIGO,ALT_CODIGO,VALOR_PUNTAJE) values ('16','2','7','65','25');
Insert into EVALUACIONES.DETALLE_EVALUACION (ALUMNO_CODIGO,TEST_CODIGO,PREG_CODIGO,ALT_CODIGO,VALOR_PUNTAJE) values ('16','2','7','66','25');
Insert into EVALUACIONES.DETALLE_EVALUACION (ALUMNO_CODIGO,TEST_CODIGO,PREG_CODIGO,ALT_CODIGO,VALOR_PUNTAJE) values ('16','2','7','67','25');
Insert into EVALUACIONES.DETALLE_EVALUACION (ALUMNO_CODIGO,TEST_CODIGO,PREG_CODIGO,ALT_CODIGO,VALOR_PUNTAJE) values ('16','2','7','68','25');
Insert into EVALUACIONES.DETALLE_EVALUACION (ALUMNO_CODIGO,TEST_CODIGO,PREG_CODIGO,ALT_CODIGO,VALOR_PUNTAJE) values ('16','2','8','69','50');
Insert into EVALUACIONES.DETALLE_EVALUACION (ALUMNO_CODIGO,TEST_CODIGO,PREG_CODIGO,ALT_CODIGO,VALOR_PUNTAJE) values ('16','2','8','72','50');
Insert into EVALUACIONES.DETALLE_EVALUACION (ALUMNO_CODIGO,TEST_CODIGO,PREG_CODIGO,ALT_CODIGO,VALOR_PUNTAJE) values ('16','2','9','73','50');
Insert into EVALUACIONES.DETALLE_EVALUACION (ALUMNO_CODIGO,TEST_CODIGO,PREG_CODIGO,ALT_CODIGO,VALOR_PUNTAJE) values ('16','2','9','76','50');
Insert into EVALUACIONES.DETALLE_EVALUACION (ALUMNO_CODIGO,TEST_CODIGO,PREG_CODIGO,ALT_CODIGO,VALOR_PUNTAJE) values ('16','2','10','77','50');
Insert into EVALUACIONES.DETALLE_EVALUACION (ALUMNO_CODIGO,TEST_CODIGO,PREG_CODIGO,ALT_CODIGO,VALOR_PUNTAJE) values ('16','2','10','79','50');
Insert into EVALUACIONES.DETALLE_EVALUACION (ALUMNO_CODIGO,TEST_CODIGO,PREG_CODIGO,ALT_CODIGO,VALOR_PUNTAJE) values ('17','1','1','1','50');
Insert into EVALUACIONES.DETALLE_EVALUACION (ALUMNO_CODIGO,TEST_CODIGO,PREG_CODIGO,ALT_CODIGO,VALOR_PUNTAJE) values ('17','1','1','4','50');
Insert into EVALUACIONES.DETALLE_EVALUACION (ALUMNO_CODIGO,TEST_CODIGO,PREG_CODIGO,ALT_CODIGO,VALOR_PUNTAJE) values ('17','1','2','5','25');
Insert into EVALUACIONES.DETALLE_EVALUACION (ALUMNO_CODIGO,TEST_CODIGO,PREG_CODIGO,ALT_CODIGO,VALOR_PUNTAJE) values ('17','1','2','6','25');
Insert into EVALUACIONES.DETALLE_EVALUACION (ALUMNO_CODIGO,TEST_CODIGO,PREG_CODIGO,ALT_CODIGO,VALOR_PUNTAJE) values ('17','1','2','7','25');
Insert into EVALUACIONES.DETALLE_EVALUACION (ALUMNO_CODIGO,TEST_CODIGO,PREG_CODIGO,ALT_CODIGO,VALOR_PUNTAJE) values ('17','1','2','8','25');
Insert into EVALUACIONES.DETALLE_EVALUACION (ALUMNO_CODIGO,TEST_CODIGO,PREG_CODIGO,ALT_CODIGO,VALOR_PUNTAJE) values ('17','1','3','10','50');
Insert into EVALUACIONES.DETALLE_EVALUACION (ALUMNO_CODIGO,TEST_CODIGO,PREG_CODIGO,ALT_CODIGO,VALOR_PUNTAJE) values ('17','1','3','11','50');
Insert into EVALUACIONES.DETALLE_EVALUACION (ALUMNO_CODIGO,TEST_CODIGO,PREG_CODIGO,ALT_CODIGO,VALOR_PUNTAJE) values ('17','1','4','15','50');
Insert into EVALUACIONES.DETALLE_EVALUACION (ALUMNO_CODIGO,TEST_CODIGO,PREG_CODIGO,ALT_CODIGO,VALOR_PUNTAJE) values ('17','1','4','16','50');
Insert into EVALUACIONES.DETALLE_EVALUACION (ALUMNO_CODIGO,TEST_CODIGO,PREG_CODIGO,ALT_CODIGO,VALOR_PUNTAJE) values ('17','1','5','18','50');
Insert into EVALUACIONES.DETALLE_EVALUACION (ALUMNO_CODIGO,TEST_CODIGO,PREG_CODIGO,ALT_CODIGO,VALOR_PUNTAJE) values ('17','1','5','20','50');
Insert into EVALUACIONES.DETALLE_EVALUACION (ALUMNO_CODIGO,TEST_CODIGO,PREG_CODIGO,ALT_CODIGO,VALOR_PUNTAJE) values ('17','1','6','21','50');
Insert into EVALUACIONES.DETALLE_EVALUACION (ALUMNO_CODIGO,TEST_CODIGO,PREG_CODIGO,ALT_CODIGO,VALOR_PUNTAJE) values ('17','1','6','22','50');
Insert into EVALUACIONES.DETALLE_EVALUACION (ALUMNO_CODIGO,TEST_CODIGO,PREG_CODIGO,ALT_CODIGO,VALOR_PUNTAJE) values ('17','1','7','25','50');
Insert into EVALUACIONES.DETALLE_EVALUACION (ALUMNO_CODIGO,TEST_CODIGO,PREG_CODIGO,ALT_CODIGO,VALOR_PUNTAJE) values ('17','1','7','26','50');
Insert into EVALUACIONES.DETALLE_EVALUACION (ALUMNO_CODIGO,TEST_CODIGO,PREG_CODIGO,ALT_CODIGO,VALOR_PUNTAJE) values ('17','1','8','31','50');
Insert into EVALUACIONES.DETALLE_EVALUACION (ALUMNO_CODIGO,TEST_CODIGO,PREG_CODIGO,ALT_CODIGO,VALOR_PUNTAJE) values ('17','1','8','32','50');
Insert into EVALUACIONES.DETALLE_EVALUACION (ALUMNO_CODIGO,TEST_CODIGO,PREG_CODIGO,ALT_CODIGO,VALOR_PUNTAJE) values ('17','1','9','33','25');
Insert into EVALUACIONES.DETALLE_EVALUACION (ALUMNO_CODIGO,TEST_CODIGO,PREG_CODIGO,ALT_CODIGO,VALOR_PUNTAJE) values ('17','1','9','34','25');
Insert into EVALUACIONES.DETALLE_EVALUACION (ALUMNO_CODIGO,TEST_CODIGO,PREG_CODIGO,ALT_CODIGO,VALOR_PUNTAJE) values ('17','1','9','35','25');
Insert into EVALUACIONES.DETALLE_EVALUACION (ALUMNO_CODIGO,TEST_CODIGO,PREG_CODIGO,ALT_CODIGO,VALOR_PUNTAJE) values ('17','1','9','36','25');
Insert into EVALUACIONES.DETALLE_EVALUACION (ALUMNO_CODIGO,TEST_CODIGO,PREG_CODIGO,ALT_CODIGO,VALOR_PUNTAJE) values ('17','1','10','37','25');
Insert into EVALUACIONES.DETALLE_EVALUACION (ALUMNO_CODIGO,TEST_CODIGO,PREG_CODIGO,ALT_CODIGO,VALOR_PUNTAJE) values ('17','1','10','38','25');
Insert into EVALUACIONES.DETALLE_EVALUACION (ALUMNO_CODIGO,TEST_CODIGO,PREG_CODIGO,ALT_CODIGO,VALOR_PUNTAJE) values ('17','1','10','39','25');
Insert into EVALUACIONES.DETALLE_EVALUACION (ALUMNO_CODIGO,TEST_CODIGO,PREG_CODIGO,ALT_CODIGO,VALOR_PUNTAJE) values ('17','1','10','40','25');
Insert into EVALUACIONES.DETALLE_EVALUACION (ALUMNO_CODIGO,TEST_CODIGO,PREG_CODIGO,ALT_CODIGO,VALOR_PUNTAJE) values ('17','2','1','41','25');
Insert into EVALUACIONES.DETALLE_EVALUACION (ALUMNO_CODIGO,TEST_CODIGO,PREG_CODIGO,ALT_CODIGO,VALOR_PUNTAJE) values ('17','2','1','42','25');
Insert into EVALUACIONES.DETALLE_EVALUACION (ALUMNO_CODIGO,TEST_CODIGO,PREG_CODIGO,ALT_CODIGO,VALOR_PUNTAJE) values ('17','2','1','43','25');
Insert into EVALUACIONES.DETALLE_EVALUACION (ALUMNO_CODIGO,TEST_CODIGO,PREG_CODIGO,ALT_CODIGO,VALOR_PUNTAJE) values ('17','2','1','44','25');
Insert into EVALUACIONES.DETALLE_EVALUACION (ALUMNO_CODIGO,TEST_CODIGO,PREG_CODIGO,ALT_CODIGO,VALOR_PUNTAJE) values ('17','2','2','45','25');
Insert into EVALUACIONES.DETALLE_EVALUACION (ALUMNO_CODIGO,TEST_CODIGO,PREG_CODIGO,ALT_CODIGO,VALOR_PUNTAJE) values ('17','2','2','46','25');
Insert into EVALUACIONES.DETALLE_EVALUACION (ALUMNO_CODIGO,TEST_CODIGO,PREG_CODIGO,ALT_CODIGO,VALOR_PUNTAJE) values ('17','2','2','47','25');
Insert into EVALUACIONES.DETALLE_EVALUACION (ALUMNO_CODIGO,TEST_CODIGO,PREG_CODIGO,ALT_CODIGO,VALOR_PUNTAJE) values ('17','2','2','48','25');
Insert into EVALUACIONES.DETALLE_EVALUACION (ALUMNO_CODIGO,TEST_CODIGO,PREG_CODIGO,ALT_CODIGO,VALOR_PUNTAJE) values ('17','2','3','49','50');
Insert into EVALUACIONES.DETALLE_EVALUACION (ALUMNO_CODIGO,TEST_CODIGO,PREG_CODIGO,ALT_CODIGO,VALOR_PUNTAJE) values ('17','2','3','51','50');
Insert into EVALUACIONES.DETALLE_EVALUACION (ALUMNO_CODIGO,TEST_CODIGO,PREG_CODIGO,ALT_CODIGO,VALOR_PUNTAJE) values ('17','2','4','53','50');
Insert into EVALUACIONES.DETALLE_EVALUACION (ALUMNO_CODIGO,TEST_CODIGO,PREG_CODIGO,ALT_CODIGO,VALOR_PUNTAJE) values ('17','2','4','56','50');
Insert into EVALUACIONES.DETALLE_EVALUACION (ALUMNO_CODIGO,TEST_CODIGO,PREG_CODIGO,ALT_CODIGO,VALOR_PUNTAJE) values ('17','2','5','57','25');
Insert into EVALUACIONES.DETALLE_EVALUACION (ALUMNO_CODIGO,TEST_CODIGO,PREG_CODIGO,ALT_CODIGO,VALOR_PUNTAJE) values ('17','2','5','58','25');
Insert into EVALUACIONES.DETALLE_EVALUACION (ALUMNO_CODIGO,TEST_CODIGO,PREG_CODIGO,ALT_CODIGO,VALOR_PUNTAJE) values ('17','2','5','59','25');
Insert into EVALUACIONES.DETALLE_EVALUACION (ALUMNO_CODIGO,TEST_CODIGO,PREG_CODIGO,ALT_CODIGO,VALOR_PUNTAJE) values ('17','2','5','60','25');
Insert into EVALUACIONES.DETALLE_EVALUACION (ALUMNO_CODIGO,TEST_CODIGO,PREG_CODIGO,ALT_CODIGO,VALOR_PUNTAJE) values ('17','2','6','61','25');
Insert into EVALUACIONES.DETALLE_EVALUACION (ALUMNO_CODIGO,TEST_CODIGO,PREG_CODIGO,ALT_CODIGO,VALOR_PUNTAJE) values ('17','2','6','62','25');
Insert into EVALUACIONES.DETALLE_EVALUACION (ALUMNO_CODIGO,TEST_CODIGO,PREG_CODIGO,ALT_CODIGO,VALOR_PUNTAJE) values ('17','2','6','63','25');
Insert into EVALUACIONES.DETALLE_EVALUACION (ALUMNO_CODIGO,TEST_CODIGO,PREG_CODIGO,ALT_CODIGO,VALOR_PUNTAJE) values ('17','2','6','64','25');
Insert into EVALUACIONES.DETALLE_EVALUACION (ALUMNO_CODIGO,TEST_CODIGO,PREG_CODIGO,ALT_CODIGO,VALOR_PUNTAJE) values ('17','2','7','65','25');
Insert into EVALUACIONES.DETALLE_EVALUACION (ALUMNO_CODIGO,TEST_CODIGO,PREG_CODIGO,ALT_CODIGO,VALOR_PUNTAJE) values ('17','2','7','66','25');
Insert into EVALUACIONES.DETALLE_EVALUACION (ALUMNO_CODIGO,TEST_CODIGO,PREG_CODIGO,ALT_CODIGO,VALOR_PUNTAJE) values ('17','2','7','67','25');
Insert into EVALUACIONES.DETALLE_EVALUACION (ALUMNO_CODIGO,TEST_CODIGO,PREG_CODIGO,ALT_CODIGO,VALOR_PUNTAJE) values ('17','2','7','68','25');
Insert into EVALUACIONES.DETALLE_EVALUACION (ALUMNO_CODIGO,TEST_CODIGO,PREG_CODIGO,ALT_CODIGO,VALOR_PUNTAJE) values ('17','2','8','69','50');
Insert into EVALUACIONES.DETALLE_EVALUACION (ALUMNO_CODIGO,TEST_CODIGO,PREG_CODIGO,ALT_CODIGO,VALOR_PUNTAJE) values ('17','2','8','72','50');
Insert into EVALUACIONES.DETALLE_EVALUACION (ALUMNO_CODIGO,TEST_CODIGO,PREG_CODIGO,ALT_CODIGO,VALOR_PUNTAJE) values ('17','2','9','73','50');
Insert into EVALUACIONES.DETALLE_EVALUACION (ALUMNO_CODIGO,TEST_CODIGO,PREG_CODIGO,ALT_CODIGO,VALOR_PUNTAJE) values ('17','2','9','76','50');
Insert into EVALUACIONES.DETALLE_EVALUACION (ALUMNO_CODIGO,TEST_CODIGO,PREG_CODIGO,ALT_CODIGO,VALOR_PUNTAJE) values ('17','2','10','77','50');
Insert into EVALUACIONES.DETALLE_EVALUACION (ALUMNO_CODIGO,TEST_CODIGO,PREG_CODIGO,ALT_CODIGO,VALOR_PUNTAJE) values ('17','2','10','79','50');
Insert into EVALUACIONES.DETALLE_EVALUACION (ALUMNO_CODIGO,TEST_CODIGO,PREG_CODIGO,ALT_CODIGO,VALOR_PUNTAJE) values ('18','1','1','1','50');
Insert into EVALUACIONES.DETALLE_EVALUACION (ALUMNO_CODIGO,TEST_CODIGO,PREG_CODIGO,ALT_CODIGO,VALOR_PUNTAJE) values ('18','1','1','4','50');
Insert into EVALUACIONES.DETALLE_EVALUACION (ALUMNO_CODIGO,TEST_CODIGO,PREG_CODIGO,ALT_CODIGO,VALOR_PUNTAJE) values ('18','1','2','5','25');
Insert into EVALUACIONES.DETALLE_EVALUACION (ALUMNO_CODIGO,TEST_CODIGO,PREG_CODIGO,ALT_CODIGO,VALOR_PUNTAJE) values ('18','1','2','6','25');
Insert into EVALUACIONES.DETALLE_EVALUACION (ALUMNO_CODIGO,TEST_CODIGO,PREG_CODIGO,ALT_CODIGO,VALOR_PUNTAJE) values ('18','1','2','7','25');
Insert into EVALUACIONES.DETALLE_EVALUACION (ALUMNO_CODIGO,TEST_CODIGO,PREG_CODIGO,ALT_CODIGO,VALOR_PUNTAJE) values ('18','1','2','8','25');
Insert into EVALUACIONES.DETALLE_EVALUACION (ALUMNO_CODIGO,TEST_CODIGO,PREG_CODIGO,ALT_CODIGO,VALOR_PUNTAJE) values ('18','1','3','10','50');
Insert into EVALUACIONES.DETALLE_EVALUACION (ALUMNO_CODIGO,TEST_CODIGO,PREG_CODIGO,ALT_CODIGO,VALOR_PUNTAJE) values ('18','1','3','11','50');
Insert into EVALUACIONES.DETALLE_EVALUACION (ALUMNO_CODIGO,TEST_CODIGO,PREG_CODIGO,ALT_CODIGO,VALOR_PUNTAJE) values ('18','1','4','15','50');
Insert into EVALUACIONES.DETALLE_EVALUACION (ALUMNO_CODIGO,TEST_CODIGO,PREG_CODIGO,ALT_CODIGO,VALOR_PUNTAJE) values ('18','1','4','16','50');
Insert into EVALUACIONES.DETALLE_EVALUACION (ALUMNO_CODIGO,TEST_CODIGO,PREG_CODIGO,ALT_CODIGO,VALOR_PUNTAJE) values ('18','1','5','18','50');
Insert into EVALUACIONES.DETALLE_EVALUACION (ALUMNO_CODIGO,TEST_CODIGO,PREG_CODIGO,ALT_CODIGO,VALOR_PUNTAJE) values ('18','1','5','20','50');
Insert into EVALUACIONES.DETALLE_EVALUACION (ALUMNO_CODIGO,TEST_CODIGO,PREG_CODIGO,ALT_CODIGO,VALOR_PUNTAJE) values ('18','1','6','21','50');
Insert into EVALUACIONES.DETALLE_EVALUACION (ALUMNO_CODIGO,TEST_CODIGO,PREG_CODIGO,ALT_CODIGO,VALOR_PUNTAJE) values ('18','1','6','22','50');
Insert into EVALUACIONES.DETALLE_EVALUACION (ALUMNO_CODIGO,TEST_CODIGO,PREG_CODIGO,ALT_CODIGO,VALOR_PUNTAJE) values ('18','1','7','25','50');
Insert into EVALUACIONES.DETALLE_EVALUACION (ALUMNO_CODIGO,TEST_CODIGO,PREG_CODIGO,ALT_CODIGO,VALOR_PUNTAJE) values ('18','1','7','26','50');
Insert into EVALUACIONES.DETALLE_EVALUACION (ALUMNO_CODIGO,TEST_CODIGO,PREG_CODIGO,ALT_CODIGO,VALOR_PUNTAJE) values ('18','1','8','31','50');
Insert into EVALUACIONES.DETALLE_EVALUACION (ALUMNO_CODIGO,TEST_CODIGO,PREG_CODIGO,ALT_CODIGO,VALOR_PUNTAJE) values ('18','1','8','32','50');
Insert into EVALUACIONES.DETALLE_EVALUACION (ALUMNO_CODIGO,TEST_CODIGO,PREG_CODIGO,ALT_CODIGO,VALOR_PUNTAJE) values ('18','1','9','33','25');
Insert into EVALUACIONES.DETALLE_EVALUACION (ALUMNO_CODIGO,TEST_CODIGO,PREG_CODIGO,ALT_CODIGO,VALOR_PUNTAJE) values ('18','1','9','34','25');
Insert into EVALUACIONES.DETALLE_EVALUACION (ALUMNO_CODIGO,TEST_CODIGO,PREG_CODIGO,ALT_CODIGO,VALOR_PUNTAJE) values ('18','1','9','35','25');
Insert into EVALUACIONES.DETALLE_EVALUACION (ALUMNO_CODIGO,TEST_CODIGO,PREG_CODIGO,ALT_CODIGO,VALOR_PUNTAJE) values ('18','1','9','36','25');
Insert into EVALUACIONES.DETALLE_EVALUACION (ALUMNO_CODIGO,TEST_CODIGO,PREG_CODIGO,ALT_CODIGO,VALOR_PUNTAJE) values ('18','1','10','37','25');
Insert into EVALUACIONES.DETALLE_EVALUACION (ALUMNO_CODIGO,TEST_CODIGO,PREG_CODIGO,ALT_CODIGO,VALOR_PUNTAJE) values ('18','1','10','38','25');
Insert into EVALUACIONES.DETALLE_EVALUACION (ALUMNO_CODIGO,TEST_CODIGO,PREG_CODIGO,ALT_CODIGO,VALOR_PUNTAJE) values ('18','1','10','39','25');
Insert into EVALUACIONES.DETALLE_EVALUACION (ALUMNO_CODIGO,TEST_CODIGO,PREG_CODIGO,ALT_CODIGO,VALOR_PUNTAJE) values ('18','1','10','40','25');
Insert into EVALUACIONES.DETALLE_EVALUACION (ALUMNO_CODIGO,TEST_CODIGO,PREG_CODIGO,ALT_CODIGO,VALOR_PUNTAJE) values ('18','2','1','41','25');
Insert into EVALUACIONES.DETALLE_EVALUACION (ALUMNO_CODIGO,TEST_CODIGO,PREG_CODIGO,ALT_CODIGO,VALOR_PUNTAJE) values ('18','2','1','42','25');
Insert into EVALUACIONES.DETALLE_EVALUACION (ALUMNO_CODIGO,TEST_CODIGO,PREG_CODIGO,ALT_CODIGO,VALOR_PUNTAJE) values ('18','2','1','43','25');
Insert into EVALUACIONES.DETALLE_EVALUACION (ALUMNO_CODIGO,TEST_CODIGO,PREG_CODIGO,ALT_CODIGO,VALOR_PUNTAJE) values ('18','2','1','44','25');
Insert into EVALUACIONES.DETALLE_EVALUACION (ALUMNO_CODIGO,TEST_CODIGO,PREG_CODIGO,ALT_CODIGO,VALOR_PUNTAJE) values ('18','2','2','45','25');
Insert into EVALUACIONES.DETALLE_EVALUACION (ALUMNO_CODIGO,TEST_CODIGO,PREG_CODIGO,ALT_CODIGO,VALOR_PUNTAJE) values ('18','2','2','46','25');
Insert into EVALUACIONES.DETALLE_EVALUACION (ALUMNO_CODIGO,TEST_CODIGO,PREG_CODIGO,ALT_CODIGO,VALOR_PUNTAJE) values ('18','2','2','47','25');
Insert into EVALUACIONES.DETALLE_EVALUACION (ALUMNO_CODIGO,TEST_CODIGO,PREG_CODIGO,ALT_CODIGO,VALOR_PUNTAJE) values ('18','2','2','48','25');
Insert into EVALUACIONES.DETALLE_EVALUACION (ALUMNO_CODIGO,TEST_CODIGO,PREG_CODIGO,ALT_CODIGO,VALOR_PUNTAJE) values ('18','2','3','49','50');
Insert into EVALUACIONES.DETALLE_EVALUACION (ALUMNO_CODIGO,TEST_CODIGO,PREG_CODIGO,ALT_CODIGO,VALOR_PUNTAJE) values ('18','2','3','51','50');
Insert into EVALUACIONES.DETALLE_EVALUACION (ALUMNO_CODIGO,TEST_CODIGO,PREG_CODIGO,ALT_CODIGO,VALOR_PUNTAJE) values ('18','2','4','53','50');
Insert into EVALUACIONES.DETALLE_EVALUACION (ALUMNO_CODIGO,TEST_CODIGO,PREG_CODIGO,ALT_CODIGO,VALOR_PUNTAJE) values ('18','2','4','56','50');
Insert into EVALUACIONES.DETALLE_EVALUACION (ALUMNO_CODIGO,TEST_CODIGO,PREG_CODIGO,ALT_CODIGO,VALOR_PUNTAJE) values ('18','2','5','57','25');
Insert into EVALUACIONES.DETALLE_EVALUACION (ALUMNO_CODIGO,TEST_CODIGO,PREG_CODIGO,ALT_CODIGO,VALOR_PUNTAJE) values ('18','2','5','58','25');
Insert into EVALUACIONES.DETALLE_EVALUACION (ALUMNO_CODIGO,TEST_CODIGO,PREG_CODIGO,ALT_CODIGO,VALOR_PUNTAJE) values ('18','2','5','59','25');
Insert into EVALUACIONES.DETALLE_EVALUACION (ALUMNO_CODIGO,TEST_CODIGO,PREG_CODIGO,ALT_CODIGO,VALOR_PUNTAJE) values ('18','2','5','60','25');
Insert into EVALUACIONES.DETALLE_EVALUACION (ALUMNO_CODIGO,TEST_CODIGO,PREG_CODIGO,ALT_CODIGO,VALOR_PUNTAJE) values ('18','2','6','61','25');
Insert into EVALUACIONES.DETALLE_EVALUACION (ALUMNO_CODIGO,TEST_CODIGO,PREG_CODIGO,ALT_CODIGO,VALOR_PUNTAJE) values ('18','2','6','62','25');
Insert into EVALUACIONES.DETALLE_EVALUACION (ALUMNO_CODIGO,TEST_CODIGO,PREG_CODIGO,ALT_CODIGO,VALOR_PUNTAJE) values ('18','2','6','63','25');
Insert into EVALUACIONES.DETALLE_EVALUACION (ALUMNO_CODIGO,TEST_CODIGO,PREG_CODIGO,ALT_CODIGO,VALOR_PUNTAJE) values ('18','2','6','64','25');
Insert into EVALUACIONES.DETALLE_EVALUACION (ALUMNO_CODIGO,TEST_CODIGO,PREG_CODIGO,ALT_CODIGO,VALOR_PUNTAJE) values ('18','2','7','65','25');
Insert into EVALUACIONES.DETALLE_EVALUACION (ALUMNO_CODIGO,TEST_CODIGO,PREG_CODIGO,ALT_CODIGO,VALOR_PUNTAJE) values ('18','2','7','66','25');
Insert into EVALUACIONES.DETALLE_EVALUACION (ALUMNO_CODIGO,TEST_CODIGO,PREG_CODIGO,ALT_CODIGO,VALOR_PUNTAJE) values ('18','2','7','67','25');
Insert into EVALUACIONES.DETALLE_EVALUACION (ALUMNO_CODIGO,TEST_CODIGO,PREG_CODIGO,ALT_CODIGO,VALOR_PUNTAJE) values ('18','2','7','68','25');
Insert into EVALUACIONES.DETALLE_EVALUACION (ALUMNO_CODIGO,TEST_CODIGO,PREG_CODIGO,ALT_CODIGO,VALOR_PUNTAJE) values ('18','2','8','69','50');
Insert into EVALUACIONES.DETALLE_EVALUACION (ALUMNO_CODIGO,TEST_CODIGO,PREG_CODIGO,ALT_CODIGO,VALOR_PUNTAJE) values ('18','2','8','72','50');
Insert into EVALUACIONES.DETALLE_EVALUACION (ALUMNO_CODIGO,TEST_CODIGO,PREG_CODIGO,ALT_CODIGO,VALOR_PUNTAJE) values ('18','2','9','73','50');
Insert into EVALUACIONES.DETALLE_EVALUACION (ALUMNO_CODIGO,TEST_CODIGO,PREG_CODIGO,ALT_CODIGO,VALOR_PUNTAJE) values ('18','2','9','76','50');
Insert into EVALUACIONES.DETALLE_EVALUACION (ALUMNO_CODIGO,TEST_CODIGO,PREG_CODIGO,ALT_CODIGO,VALOR_PUNTAJE) values ('18','2','10','77','50');
Insert into EVALUACIONES.DETALLE_EVALUACION (ALUMNO_CODIGO,TEST_CODIGO,PREG_CODIGO,ALT_CODIGO,VALOR_PUNTAJE) values ('18','2','10','79','50');
Insert into EVALUACIONES.DETALLE_EVALUACION (ALUMNO_CODIGO,TEST_CODIGO,PREG_CODIGO,ALT_CODIGO,VALOR_PUNTAJE) values ('19','1','1','1','50');
Insert into EVALUACIONES.DETALLE_EVALUACION (ALUMNO_CODIGO,TEST_CODIGO,PREG_CODIGO,ALT_CODIGO,VALOR_PUNTAJE) values ('19','1','1','4','50');
Insert into EVALUACIONES.DETALLE_EVALUACION (ALUMNO_CODIGO,TEST_CODIGO,PREG_CODIGO,ALT_CODIGO,VALOR_PUNTAJE) values ('19','1','2','5','25');
Insert into EVALUACIONES.DETALLE_EVALUACION (ALUMNO_CODIGO,TEST_CODIGO,PREG_CODIGO,ALT_CODIGO,VALOR_PUNTAJE) values ('19','1','2','6','25');
Insert into EVALUACIONES.DETALLE_EVALUACION (ALUMNO_CODIGO,TEST_CODIGO,PREG_CODIGO,ALT_CODIGO,VALOR_PUNTAJE) values ('19','1','2','7','25');
Insert into EVALUACIONES.DETALLE_EVALUACION (ALUMNO_CODIGO,TEST_CODIGO,PREG_CODIGO,ALT_CODIGO,VALOR_PUNTAJE) values ('19','1','2','8','25');
Insert into EVALUACIONES.DETALLE_EVALUACION (ALUMNO_CODIGO,TEST_CODIGO,PREG_CODIGO,ALT_CODIGO,VALOR_PUNTAJE) values ('19','1','3','10','50');
Insert into EVALUACIONES.DETALLE_EVALUACION (ALUMNO_CODIGO,TEST_CODIGO,PREG_CODIGO,ALT_CODIGO,VALOR_PUNTAJE) values ('19','1','3','11','50');
Insert into EVALUACIONES.DETALLE_EVALUACION (ALUMNO_CODIGO,TEST_CODIGO,PREG_CODIGO,ALT_CODIGO,VALOR_PUNTAJE) values ('19','1','4','15','50');
Insert into EVALUACIONES.DETALLE_EVALUACION (ALUMNO_CODIGO,TEST_CODIGO,PREG_CODIGO,ALT_CODIGO,VALOR_PUNTAJE) values ('19','1','4','16','50');
Insert into EVALUACIONES.DETALLE_EVALUACION (ALUMNO_CODIGO,TEST_CODIGO,PREG_CODIGO,ALT_CODIGO,VALOR_PUNTAJE) values ('19','1','5','18','50');
Insert into EVALUACIONES.DETALLE_EVALUACION (ALUMNO_CODIGO,TEST_CODIGO,PREG_CODIGO,ALT_CODIGO,VALOR_PUNTAJE) values ('19','1','5','20','50');
Insert into EVALUACIONES.DETALLE_EVALUACION (ALUMNO_CODIGO,TEST_CODIGO,PREG_CODIGO,ALT_CODIGO,VALOR_PUNTAJE) values ('19','1','6','21','50');
Insert into EVALUACIONES.DETALLE_EVALUACION (ALUMNO_CODIGO,TEST_CODIGO,PREG_CODIGO,ALT_CODIGO,VALOR_PUNTAJE) values ('19','1','6','22','50');
Insert into EVALUACIONES.DETALLE_EVALUACION (ALUMNO_CODIGO,TEST_CODIGO,PREG_CODIGO,ALT_CODIGO,VALOR_PUNTAJE) values ('19','1','7','25','50');
Insert into EVALUACIONES.DETALLE_EVALUACION (ALUMNO_CODIGO,TEST_CODIGO,PREG_CODIGO,ALT_CODIGO,VALOR_PUNTAJE) values ('19','1','7','26','50');
Insert into EVALUACIONES.DETALLE_EVALUACION (ALUMNO_CODIGO,TEST_CODIGO,PREG_CODIGO,ALT_CODIGO,VALOR_PUNTAJE) values ('19','1','8','31','50');
Insert into EVALUACIONES.DETALLE_EVALUACION (ALUMNO_CODIGO,TEST_CODIGO,PREG_CODIGO,ALT_CODIGO,VALOR_PUNTAJE) values ('19','1','8','32','50');
Insert into EVALUACIONES.DETALLE_EVALUACION (ALUMNO_CODIGO,TEST_CODIGO,PREG_CODIGO,ALT_CODIGO,VALOR_PUNTAJE) values ('19','1','9','33','25');
Insert into EVALUACIONES.DETALLE_EVALUACION (ALUMNO_CODIGO,TEST_CODIGO,PREG_CODIGO,ALT_CODIGO,VALOR_PUNTAJE) values ('19','1','9','34','25');
Insert into EVALUACIONES.DETALLE_EVALUACION (ALUMNO_CODIGO,TEST_CODIGO,PREG_CODIGO,ALT_CODIGO,VALOR_PUNTAJE) values ('19','1','9','35','25');
Insert into EVALUACIONES.DETALLE_EVALUACION (ALUMNO_CODIGO,TEST_CODIGO,PREG_CODIGO,ALT_CODIGO,VALOR_PUNTAJE) values ('19','1','9','36','25');
Insert into EVALUACIONES.DETALLE_EVALUACION (ALUMNO_CODIGO,TEST_CODIGO,PREG_CODIGO,ALT_CODIGO,VALOR_PUNTAJE) values ('19','1','10','37','25');
Insert into EVALUACIONES.DETALLE_EVALUACION (ALUMNO_CODIGO,TEST_CODIGO,PREG_CODIGO,ALT_CODIGO,VALOR_PUNTAJE) values ('19','1','10','38','25');
Insert into EVALUACIONES.DETALLE_EVALUACION (ALUMNO_CODIGO,TEST_CODIGO,PREG_CODIGO,ALT_CODIGO,VALOR_PUNTAJE) values ('19','1','10','39','25');
Insert into EVALUACIONES.DETALLE_EVALUACION (ALUMNO_CODIGO,TEST_CODIGO,PREG_CODIGO,ALT_CODIGO,VALOR_PUNTAJE) values ('19','1','10','40','25');
Insert into EVALUACIONES.DETALLE_EVALUACION (ALUMNO_CODIGO,TEST_CODIGO,PREG_CODIGO,ALT_CODIGO,VALOR_PUNTAJE) values ('19','2','1','41','25');
Insert into EVALUACIONES.DETALLE_EVALUACION (ALUMNO_CODIGO,TEST_CODIGO,PREG_CODIGO,ALT_CODIGO,VALOR_PUNTAJE) values ('19','2','1','42','25');
Insert into EVALUACIONES.DETALLE_EVALUACION (ALUMNO_CODIGO,TEST_CODIGO,PREG_CODIGO,ALT_CODIGO,VALOR_PUNTAJE) values ('19','2','1','43','25');
Insert into EVALUACIONES.DETALLE_EVALUACION (ALUMNO_CODIGO,TEST_CODIGO,PREG_CODIGO,ALT_CODIGO,VALOR_PUNTAJE) values ('19','2','1','44','25');
Insert into EVALUACIONES.DETALLE_EVALUACION (ALUMNO_CODIGO,TEST_CODIGO,PREG_CODIGO,ALT_CODIGO,VALOR_PUNTAJE) values ('19','2','2','45','25');
Insert into EVALUACIONES.DETALLE_EVALUACION (ALUMNO_CODIGO,TEST_CODIGO,PREG_CODIGO,ALT_CODIGO,VALOR_PUNTAJE) values ('19','2','2','46','25');
Insert into EVALUACIONES.DETALLE_EVALUACION (ALUMNO_CODIGO,TEST_CODIGO,PREG_CODIGO,ALT_CODIGO,VALOR_PUNTAJE) values ('19','2','2','47','25');
Insert into EVALUACIONES.DETALLE_EVALUACION (ALUMNO_CODIGO,TEST_CODIGO,PREG_CODIGO,ALT_CODIGO,VALOR_PUNTAJE) values ('19','2','2','48','25');
Insert into EVALUACIONES.DETALLE_EVALUACION (ALUMNO_CODIGO,TEST_CODIGO,PREG_CODIGO,ALT_CODIGO,VALOR_PUNTAJE) values ('19','2','3','49','50');
Insert into EVALUACIONES.DETALLE_EVALUACION (ALUMNO_CODIGO,TEST_CODIGO,PREG_CODIGO,ALT_CODIGO,VALOR_PUNTAJE) values ('19','2','3','51','50');
Insert into EVALUACIONES.DETALLE_EVALUACION (ALUMNO_CODIGO,TEST_CODIGO,PREG_CODIGO,ALT_CODIGO,VALOR_PUNTAJE) values ('19','2','4','53','50');
Insert into EVALUACIONES.DETALLE_EVALUACION (ALUMNO_CODIGO,TEST_CODIGO,PREG_CODIGO,ALT_CODIGO,VALOR_PUNTAJE) values ('19','2','4','56','50');
Insert into EVALUACIONES.DETALLE_EVALUACION (ALUMNO_CODIGO,TEST_CODIGO,PREG_CODIGO,ALT_CODIGO,VALOR_PUNTAJE) values ('19','2','5','57','25');
Insert into EVALUACIONES.DETALLE_EVALUACION (ALUMNO_CODIGO,TEST_CODIGO,PREG_CODIGO,ALT_CODIGO,VALOR_PUNTAJE) values ('19','2','5','58','25');
Insert into EVALUACIONES.DETALLE_EVALUACION (ALUMNO_CODIGO,TEST_CODIGO,PREG_CODIGO,ALT_CODIGO,VALOR_PUNTAJE) values ('19','2','5','59','25');
Insert into EVALUACIONES.DETALLE_EVALUACION (ALUMNO_CODIGO,TEST_CODIGO,PREG_CODIGO,ALT_CODIGO,VALOR_PUNTAJE) values ('19','2','5','60','25');
Insert into EVALUACIONES.DETALLE_EVALUACION (ALUMNO_CODIGO,TEST_CODIGO,PREG_CODIGO,ALT_CODIGO,VALOR_PUNTAJE) values ('19','2','6','61','25');
Insert into EVALUACIONES.DETALLE_EVALUACION (ALUMNO_CODIGO,TEST_CODIGO,PREG_CODIGO,ALT_CODIGO,VALOR_PUNTAJE) values ('19','2','6','62','25');
Insert into EVALUACIONES.DETALLE_EVALUACION (ALUMNO_CODIGO,TEST_CODIGO,PREG_CODIGO,ALT_CODIGO,VALOR_PUNTAJE) values ('19','2','6','63','25');
Insert into EVALUACIONES.DETALLE_EVALUACION (ALUMNO_CODIGO,TEST_CODIGO,PREG_CODIGO,ALT_CODIGO,VALOR_PUNTAJE) values ('19','2','6','64','25');
Insert into EVALUACIONES.DETALLE_EVALUACION (ALUMNO_CODIGO,TEST_CODIGO,PREG_CODIGO,ALT_CODIGO,VALOR_PUNTAJE) values ('19','2','7','65','25');
Insert into EVALUACIONES.DETALLE_EVALUACION (ALUMNO_CODIGO,TEST_CODIGO,PREG_CODIGO,ALT_CODIGO,VALOR_PUNTAJE) values ('19','2','7','66','25');
Insert into EVALUACIONES.DETALLE_EVALUACION (ALUMNO_CODIGO,TEST_CODIGO,PREG_CODIGO,ALT_CODIGO,VALOR_PUNTAJE) values ('19','2','7','67','25');
Insert into EVALUACIONES.DETALLE_EVALUACION (ALUMNO_CODIGO,TEST_CODIGO,PREG_CODIGO,ALT_CODIGO,VALOR_PUNTAJE) values ('19','2','7','68','25');
Insert into EVALUACIONES.DETALLE_EVALUACION (ALUMNO_CODIGO,TEST_CODIGO,PREG_CODIGO,ALT_CODIGO,VALOR_PUNTAJE) values ('19','2','8','69','50');
Insert into EVALUACIONES.DETALLE_EVALUACION (ALUMNO_CODIGO,TEST_CODIGO,PREG_CODIGO,ALT_CODIGO,VALOR_PUNTAJE) values ('19','2','8','72','50');
Insert into EVALUACIONES.DETALLE_EVALUACION (ALUMNO_CODIGO,TEST_CODIGO,PREG_CODIGO,ALT_CODIGO,VALOR_PUNTAJE) values ('19','2','9','73','50');
Insert into EVALUACIONES.DETALLE_EVALUACION (ALUMNO_CODIGO,TEST_CODIGO,PREG_CODIGO,ALT_CODIGO,VALOR_PUNTAJE) values ('19','2','9','76','50');
Insert into EVALUACIONES.DETALLE_EVALUACION (ALUMNO_CODIGO,TEST_CODIGO,PREG_CODIGO,ALT_CODIGO,VALOR_PUNTAJE) values ('19','2','10','77','50');
Insert into EVALUACIONES.DETALLE_EVALUACION (ALUMNO_CODIGO,TEST_CODIGO,PREG_CODIGO,ALT_CODIGO,VALOR_PUNTAJE) values ('19','2','10','79','50');
Insert into EVALUACIONES.DETALLE_EVALUACION (ALUMNO_CODIGO,TEST_CODIGO,PREG_CODIGO,ALT_CODIGO,VALOR_PUNTAJE) values ('20','1','1','1','50');
Insert into EVALUACIONES.DETALLE_EVALUACION (ALUMNO_CODIGO,TEST_CODIGO,PREG_CODIGO,ALT_CODIGO,VALOR_PUNTAJE) values ('20','1','1','4','50');
Insert into EVALUACIONES.DETALLE_EVALUACION (ALUMNO_CODIGO,TEST_CODIGO,PREG_CODIGO,ALT_CODIGO,VALOR_PUNTAJE) values ('20','1','2','5','25');
Insert into EVALUACIONES.DETALLE_EVALUACION (ALUMNO_CODIGO,TEST_CODIGO,PREG_CODIGO,ALT_CODIGO,VALOR_PUNTAJE) values ('20','1','2','6','25');
Insert into EVALUACIONES.DETALLE_EVALUACION (ALUMNO_CODIGO,TEST_CODIGO,PREG_CODIGO,ALT_CODIGO,VALOR_PUNTAJE) values ('20','1','2','7','25');
Insert into EVALUACIONES.DETALLE_EVALUACION (ALUMNO_CODIGO,TEST_CODIGO,PREG_CODIGO,ALT_CODIGO,VALOR_PUNTAJE) values ('20','1','2','8','25');
Insert into EVALUACIONES.DETALLE_EVALUACION (ALUMNO_CODIGO,TEST_CODIGO,PREG_CODIGO,ALT_CODIGO,VALOR_PUNTAJE) values ('20','1','3','10','50');
Insert into EVALUACIONES.DETALLE_EVALUACION (ALUMNO_CODIGO,TEST_CODIGO,PREG_CODIGO,ALT_CODIGO,VALOR_PUNTAJE) values ('20','1','3','11','50');
Insert into EVALUACIONES.DETALLE_EVALUACION (ALUMNO_CODIGO,TEST_CODIGO,PREG_CODIGO,ALT_CODIGO,VALOR_PUNTAJE) values ('20','1','4','15','50');
Insert into EVALUACIONES.DETALLE_EVALUACION (ALUMNO_CODIGO,TEST_CODIGO,PREG_CODIGO,ALT_CODIGO,VALOR_PUNTAJE) values ('20','1','4','16','50');
Insert into EVALUACIONES.DETALLE_EVALUACION (ALUMNO_CODIGO,TEST_CODIGO,PREG_CODIGO,ALT_CODIGO,VALOR_PUNTAJE) values ('20','1','5','18','50');
Insert into EVALUACIONES.DETALLE_EVALUACION (ALUMNO_CODIGO,TEST_CODIGO,PREG_CODIGO,ALT_CODIGO,VALOR_PUNTAJE) values ('20','1','5','20','50');
Insert into EVALUACIONES.DETALLE_EVALUACION (ALUMNO_CODIGO,TEST_CODIGO,PREG_CODIGO,ALT_CODIGO,VALOR_PUNTAJE) values ('20','1','6','21','50');
Insert into EVALUACIONES.DETALLE_EVALUACION (ALUMNO_CODIGO,TEST_CODIGO,PREG_CODIGO,ALT_CODIGO,VALOR_PUNTAJE) values ('20','1','6','22','50');
Insert into EVALUACIONES.DETALLE_EVALUACION (ALUMNO_CODIGO,TEST_CODIGO,PREG_CODIGO,ALT_CODIGO,VALOR_PUNTAJE) values ('20','1','7','25','50');
Insert into EVALUACIONES.DETALLE_EVALUACION (ALUMNO_CODIGO,TEST_CODIGO,PREG_CODIGO,ALT_CODIGO,VALOR_PUNTAJE) values ('20','1','7','26','50');
Insert into EVALUACIONES.DETALLE_EVALUACION (ALUMNO_CODIGO,TEST_CODIGO,PREG_CODIGO,ALT_CODIGO,VALOR_PUNTAJE) values ('20','1','8','31','50');
Insert into EVALUACIONES.DETALLE_EVALUACION (ALUMNO_CODIGO,TEST_CODIGO,PREG_CODIGO,ALT_CODIGO,VALOR_PUNTAJE) values ('20','1','8','32','50');
Insert into EVALUACIONES.DETALLE_EVALUACION (ALUMNO_CODIGO,TEST_CODIGO,PREG_CODIGO,ALT_CODIGO,VALOR_PUNTAJE) values ('20','1','9','33','25');
Insert into EVALUACIONES.DETALLE_EVALUACION (ALUMNO_CODIGO,TEST_CODIGO,PREG_CODIGO,ALT_CODIGO,VALOR_PUNTAJE) values ('20','1','9','34','25');
Insert into EVALUACIONES.DETALLE_EVALUACION (ALUMNO_CODIGO,TEST_CODIGO,PREG_CODIGO,ALT_CODIGO,VALOR_PUNTAJE) values ('20','1','9','35','25');
Insert into EVALUACIONES.DETALLE_EVALUACION (ALUMNO_CODIGO,TEST_CODIGO,PREG_CODIGO,ALT_CODIGO,VALOR_PUNTAJE) values ('20','1','9','36','25');
Insert into EVALUACIONES.DETALLE_EVALUACION (ALUMNO_CODIGO,TEST_CODIGO,PREG_CODIGO,ALT_CODIGO,VALOR_PUNTAJE) values ('20','1','10','37','25');
Insert into EVALUACIONES.DETALLE_EVALUACION (ALUMNO_CODIGO,TEST_CODIGO,PREG_CODIGO,ALT_CODIGO,VALOR_PUNTAJE) values ('20','1','10','38','25');
Insert into EVALUACIONES.DETALLE_EVALUACION (ALUMNO_CODIGO,TEST_CODIGO,PREG_CODIGO,ALT_CODIGO,VALOR_PUNTAJE) values ('20','1','10','39','25');
Insert into EVALUACIONES.DETALLE_EVALUACION (ALUMNO_CODIGO,TEST_CODIGO,PREG_CODIGO,ALT_CODIGO,VALOR_PUNTAJE) values ('20','1','10','40','25');
Insert into EVALUACIONES.DETALLE_EVALUACION (ALUMNO_CODIGO,TEST_CODIGO,PREG_CODIGO,ALT_CODIGO,VALOR_PUNTAJE) values ('20','2','1','41','25');
Insert into EVALUACIONES.DETALLE_EVALUACION (ALUMNO_CODIGO,TEST_CODIGO,PREG_CODIGO,ALT_CODIGO,VALOR_PUNTAJE) values ('20','2','1','42','25');
Insert into EVALUACIONES.DETALLE_EVALUACION (ALUMNO_CODIGO,TEST_CODIGO,PREG_CODIGO,ALT_CODIGO,VALOR_PUNTAJE) values ('20','2','1','43','25');
Insert into EVALUACIONES.DETALLE_EVALUACION (ALUMNO_CODIGO,TEST_CODIGO,PREG_CODIGO,ALT_CODIGO,VALOR_PUNTAJE) values ('20','2','1','44','25');
Insert into EVALUACIONES.DETALLE_EVALUACION (ALUMNO_CODIGO,TEST_CODIGO,PREG_CODIGO,ALT_CODIGO,VALOR_PUNTAJE) values ('20','2','2','45','25');
Insert into EVALUACIONES.DETALLE_EVALUACION (ALUMNO_CODIGO,TEST_CODIGO,PREG_CODIGO,ALT_CODIGO,VALOR_PUNTAJE) values ('20','2','2','46','25');
Insert into EVALUACIONES.DETALLE_EVALUACION (ALUMNO_CODIGO,TEST_CODIGO,PREG_CODIGO,ALT_CODIGO,VALOR_PUNTAJE) values ('20','2','2','47','25');
Insert into EVALUACIONES.DETALLE_EVALUACION (ALUMNO_CODIGO,TEST_CODIGO,PREG_CODIGO,ALT_CODIGO,VALOR_PUNTAJE) values ('20','2','2','48','25');
Insert into EVALUACIONES.DETALLE_EVALUACION (ALUMNO_CODIGO,TEST_CODIGO,PREG_CODIGO,ALT_CODIGO,VALOR_PUNTAJE) values ('20','2','3','49','50');
Insert into EVALUACIONES.DETALLE_EVALUACION (ALUMNO_CODIGO,TEST_CODIGO,PREG_CODIGO,ALT_CODIGO,VALOR_PUNTAJE) values ('20','2','3','51','50');
Insert into EVALUACIONES.DETALLE_EVALUACION (ALUMNO_CODIGO,TEST_CODIGO,PREG_CODIGO,ALT_CODIGO,VALOR_PUNTAJE) values ('20','2','4','53','50');
Insert into EVALUACIONES.DETALLE_EVALUACION (ALUMNO_CODIGO,TEST_CODIGO,PREG_CODIGO,ALT_CODIGO,VALOR_PUNTAJE) values ('20','2','4','56','50');
Insert into EVALUACIONES.DETALLE_EVALUACION (ALUMNO_CODIGO,TEST_CODIGO,PREG_CODIGO,ALT_CODIGO,VALOR_PUNTAJE) values ('20','2','5','57','25');
Insert into EVALUACIONES.DETALLE_EVALUACION (ALUMNO_CODIGO,TEST_CODIGO,PREG_CODIGO,ALT_CODIGO,VALOR_PUNTAJE) values ('20','2','5','58','25');
Insert into EVALUACIONES.DETALLE_EVALUACION (ALUMNO_CODIGO,TEST_CODIGO,PREG_CODIGO,ALT_CODIGO,VALOR_PUNTAJE) values ('20','2','5','59','25');
Insert into EVALUACIONES.DETALLE_EVALUACION (ALUMNO_CODIGO,TEST_CODIGO,PREG_CODIGO,ALT_CODIGO,VALOR_PUNTAJE) values ('20','2','5','60','25');
Insert into EVALUACIONES.DETALLE_EVALUACION (ALUMNO_CODIGO,TEST_CODIGO,PREG_CODIGO,ALT_CODIGO,VALOR_PUNTAJE) values ('20','2','6','61','25');
Insert into EVALUACIONES.DETALLE_EVALUACION (ALUMNO_CODIGO,TEST_CODIGO,PREG_CODIGO,ALT_CODIGO,VALOR_PUNTAJE) values ('20','2','6','62','25');
Insert into EVALUACIONES.DETALLE_EVALUACION (ALUMNO_CODIGO,TEST_CODIGO,PREG_CODIGO,ALT_CODIGO,VALOR_PUNTAJE) values ('20','2','6','63','25');
Insert into EVALUACIONES.DETALLE_EVALUACION (ALUMNO_CODIGO,TEST_CODIGO,PREG_CODIGO,ALT_CODIGO,VALOR_PUNTAJE) values ('20','2','6','64','25');
Insert into EVALUACIONES.DETALLE_EVALUACION (ALUMNO_CODIGO,TEST_CODIGO,PREG_CODIGO,ALT_CODIGO,VALOR_PUNTAJE) values ('20','2','7','65','25');
Insert into EVALUACIONES.DETALLE_EVALUACION (ALUMNO_CODIGO,TEST_CODIGO,PREG_CODIGO,ALT_CODIGO,VALOR_PUNTAJE) values ('20','2','7','66','25');
Insert into EVALUACIONES.DETALLE_EVALUACION (ALUMNO_CODIGO,TEST_CODIGO,PREG_CODIGO,ALT_CODIGO,VALOR_PUNTAJE) values ('20','2','7','67','25');
Insert into EVALUACIONES.DETALLE_EVALUACION (ALUMNO_CODIGO,TEST_CODIGO,PREG_CODIGO,ALT_CODIGO,VALOR_PUNTAJE) values ('20','2','7','68','25');
Insert into EVALUACIONES.DETALLE_EVALUACION (ALUMNO_CODIGO,TEST_CODIGO,PREG_CODIGO,ALT_CODIGO,VALOR_PUNTAJE) values ('20','2','8','69','50');
Insert into EVALUACIONES.DETALLE_EVALUACION (ALUMNO_CODIGO,TEST_CODIGO,PREG_CODIGO,ALT_CODIGO,VALOR_PUNTAJE) values ('20','2','8','72','50');
Insert into EVALUACIONES.DETALLE_EVALUACION (ALUMNO_CODIGO,TEST_CODIGO,PREG_CODIGO,ALT_CODIGO,VALOR_PUNTAJE) values ('20','2','9','73','50');
Insert into EVALUACIONES.DETALLE_EVALUACION (ALUMNO_CODIGO,TEST_CODIGO,PREG_CODIGO,ALT_CODIGO,VALOR_PUNTAJE) values ('20','2','9','76','50');
Insert into EVALUACIONES.DETALLE_EVALUACION (ALUMNO_CODIGO,TEST_CODIGO,PREG_CODIGO,ALT_CODIGO,VALOR_PUNTAJE) values ('20','2','10','77','50');
Insert into EVALUACIONES.DETALLE_EVALUACION (ALUMNO_CODIGO,TEST_CODIGO,PREG_CODIGO,ALT_CODIGO,VALOR_PUNTAJE) values ('20','2','10','79','50');
REM INSERTING into EVALUACIONES.EVALUACION
SET DEFINE OFF;
Insert into EVALUACIONES.EVALUACION (ALUMNO_ALUMNO_CODIGO,TEST_TEST_CODIGO,EV_ALUMNO_PUNTAJE,EV_ALUMNO_PUNTAJE_N,EV_OBSERVACION) values ('1','1','100','7',null);
Insert into EVALUACIONES.EVALUACION (ALUMNO_ALUMNO_CODIGO,TEST_TEST_CODIGO,EV_ALUMNO_PUNTAJE,EV_ALUMNO_PUNTAJE_N,EV_OBSERVACION) values ('2','1','85','5',null);
Insert into EVALUACIONES.EVALUACION (ALUMNO_ALUMNO_CODIGO,TEST_TEST_CODIGO,EV_ALUMNO_PUNTAJE,EV_ALUMNO_PUNTAJE_N,EV_OBSERVACION) values ('3','1','100','7',null);
Insert into EVALUACIONES.EVALUACION (ALUMNO_ALUMNO_CODIGO,TEST_TEST_CODIGO,EV_ALUMNO_PUNTAJE,EV_ALUMNO_PUNTAJE_N,EV_OBSERVACION) values ('4','1','50','3,5',null);
Insert into EVALUACIONES.EVALUACION (ALUMNO_ALUMNO_CODIGO,TEST_TEST_CODIGO,EV_ALUMNO_PUNTAJE,EV_ALUMNO_PUNTAJE_N,EV_OBSERVACION) values ('5','1','100','7',null);
Insert into EVALUACIONES.EVALUACION (ALUMNO_ALUMNO_CODIGO,TEST_TEST_CODIGO,EV_ALUMNO_PUNTAJE,EV_ALUMNO_PUNTAJE_N,EV_OBSERVACION) values ('6','1','85','5,5',null);
Insert into EVALUACIONES.EVALUACION (ALUMNO_ALUMNO_CODIGO,TEST_TEST_CODIGO,EV_ALUMNO_PUNTAJE,EV_ALUMNO_PUNTAJE_N,EV_OBSERVACION) values ('7','1','0','1',null);
Insert into EVALUACIONES.EVALUACION (ALUMNO_ALUMNO_CODIGO,TEST_TEST_CODIGO,EV_ALUMNO_PUNTAJE,EV_ALUMNO_PUNTAJE_N,EV_OBSERVACION) values ('8','1','95','6,6',null);
Insert into EVALUACIONES.EVALUACION (ALUMNO_ALUMNO_CODIGO,TEST_TEST_CODIGO,EV_ALUMNO_PUNTAJE,EV_ALUMNO_PUNTAJE_N,EV_OBSERVACION) values ('9','1','75','5',null);
Insert into EVALUACIONES.EVALUACION (ALUMNO_ALUMNO_CODIGO,TEST_TEST_CODIGO,EV_ALUMNO_PUNTAJE,EV_ALUMNO_PUNTAJE_N,EV_OBSERVACION) values ('10','1','75','5',null);
Insert into EVALUACIONES.EVALUACION (ALUMNO_ALUMNO_CODIGO,TEST_TEST_CODIGO,EV_ALUMNO_PUNTAJE,EV_ALUMNO_PUNTAJE_N,EV_OBSERVACION) values ('11','1','85','5,5',null);
Insert into EVALUACIONES.EVALUACION (ALUMNO_ALUMNO_CODIGO,TEST_TEST_CODIGO,EV_ALUMNO_PUNTAJE,EV_ALUMNO_PUNTAJE_N,EV_OBSERVACION) values ('12','1','100','7',null);
Insert into EVALUACIONES.EVALUACION (ALUMNO_ALUMNO_CODIGO,TEST_TEST_CODIGO,EV_ALUMNO_PUNTAJE,EV_ALUMNO_PUNTAJE_N,EV_OBSERVACION) values ('13','1','100','7',null);
Insert into EVALUACIONES.EVALUACION (ALUMNO_ALUMNO_CODIGO,TEST_TEST_CODIGO,EV_ALUMNO_PUNTAJE,EV_ALUMNO_PUNTAJE_N,EV_OBSERVACION) values ('14','1','100','7',null);
Insert into EVALUACIONES.EVALUACION (ALUMNO_ALUMNO_CODIGO,TEST_TEST_CODIGO,EV_ALUMNO_PUNTAJE,EV_ALUMNO_PUNTAJE_N,EV_OBSERVACION) values ('15','1','75','5',null);
Insert into EVALUACIONES.EVALUACION (ALUMNO_ALUMNO_CODIGO,TEST_TEST_CODIGO,EV_ALUMNO_PUNTAJE,EV_ALUMNO_PUNTAJE_N,EV_OBSERVACION) values ('16','1','75','5',null);
Insert into EVALUACIONES.EVALUACION (ALUMNO_ALUMNO_CODIGO,TEST_TEST_CODIGO,EV_ALUMNO_PUNTAJE,EV_ALUMNO_PUNTAJE_N,EV_OBSERVACION) values ('17','1','95','6,6',null);
Insert into EVALUACIONES.EVALUACION (ALUMNO_ALUMNO_CODIGO,TEST_TEST_CODIGO,EV_ALUMNO_PUNTAJE,EV_ALUMNO_PUNTAJE_N,EV_OBSERVACION) values ('18','1','100','7',null);
Insert into EVALUACIONES.EVALUACION (ALUMNO_ALUMNO_CODIGO,TEST_TEST_CODIGO,EV_ALUMNO_PUNTAJE,EV_ALUMNO_PUNTAJE_N,EV_OBSERVACION) values ('19','1','100','7',null);
Insert into EVALUACIONES.EVALUACION (ALUMNO_ALUMNO_CODIGO,TEST_TEST_CODIGO,EV_ALUMNO_PUNTAJE,EV_ALUMNO_PUNTAJE_N,EV_OBSERVACION) values ('20','1','100','7',null);
Insert into EVALUACIONES.EVALUACION (ALUMNO_ALUMNO_CODIGO,TEST_TEST_CODIGO,EV_ALUMNO_PUNTAJE,EV_ALUMNO_PUNTAJE_N,EV_OBSERVACION) values ('1','2','95','6,6',null);
Insert into EVALUACIONES.EVALUACION (ALUMNO_ALUMNO_CODIGO,TEST_TEST_CODIGO,EV_ALUMNO_PUNTAJE,EV_ALUMNO_PUNTAJE_N,EV_OBSERVACION) values ('2','2','85','5,5',null);
Insert into EVALUACIONES.EVALUACION (ALUMNO_ALUMNO_CODIGO,TEST_TEST_CODIGO,EV_ALUMNO_PUNTAJE,EV_ALUMNO_PUNTAJE_N,EV_OBSERVACION) values ('3','2','75','5',null);
Insert into EVALUACIONES.EVALUACION (ALUMNO_ALUMNO_CODIGO,TEST_TEST_CODIGO,EV_ALUMNO_PUNTAJE,EV_ALUMNO_PUNTAJE_N,EV_OBSERVACION) values ('4','2','100','7',null);
Insert into EVALUACIONES.EVALUACION (ALUMNO_ALUMNO_CODIGO,TEST_TEST_CODIGO,EV_ALUMNO_PUNTAJE,EV_ALUMNO_PUNTAJE_N,EV_OBSERVACION) values ('5','2','100','7',null);
Insert into EVALUACIONES.EVALUACION (ALUMNO_ALUMNO_CODIGO,TEST_TEST_CODIGO,EV_ALUMNO_PUNTAJE,EV_ALUMNO_PUNTAJE_N,EV_OBSERVACION) values ('6','2','100','7',null);
Insert into EVALUACIONES.EVALUACION (ALUMNO_ALUMNO_CODIGO,TEST_TEST_CODIGO,EV_ALUMNO_PUNTAJE,EV_ALUMNO_PUNTAJE_N,EV_OBSERVACION) values ('7','2','95','6,6',null);
Insert into EVALUACIONES.EVALUACION (ALUMNO_ALUMNO_CODIGO,TEST_TEST_CODIGO,EV_ALUMNO_PUNTAJE,EV_ALUMNO_PUNTAJE_N,EV_OBSERVACION) values ('8','2','75','5',null);
Insert into EVALUACIONES.EVALUACION (ALUMNO_ALUMNO_CODIGO,TEST_TEST_CODIGO,EV_ALUMNO_PUNTAJE,EV_ALUMNO_PUNTAJE_N,EV_OBSERVACION) values ('9','2','75','5',null);
Insert into EVALUACIONES.EVALUACION (ALUMNO_ALUMNO_CODIGO,TEST_TEST_CODIGO,EV_ALUMNO_PUNTAJE,EV_ALUMNO_PUNTAJE_N,EV_OBSERVACION) values ('10','2','55','3,8',null);
Insert into EVALUACIONES.EVALUACION (ALUMNO_ALUMNO_CODIGO,TEST_TEST_CODIGO,EV_ALUMNO_PUNTAJE,EV_ALUMNO_PUNTAJE_N,EV_OBSERVACION) values ('11','2','65','4,4',null);
Insert into EVALUACIONES.EVALUACION (ALUMNO_ALUMNO_CODIGO,TEST_TEST_CODIGO,EV_ALUMNO_PUNTAJE,EV_ALUMNO_PUNTAJE_N,EV_OBSERVACION) values ('12','2','70','4,8',null);
Insert into EVALUACIONES.EVALUACION (ALUMNO_ALUMNO_CODIGO,TEST_TEST_CODIGO,EV_ALUMNO_PUNTAJE,EV_ALUMNO_PUNTAJE_N,EV_OBSERVACION) values ('13','2','100','7',null);
Insert into EVALUACIONES.EVALUACION (ALUMNO_ALUMNO_CODIGO,TEST_TEST_CODIGO,EV_ALUMNO_PUNTAJE,EV_ALUMNO_PUNTAJE_N,EV_OBSERVACION) values ('14','2','100','7',null);
Insert into EVALUACIONES.EVALUACION (ALUMNO_ALUMNO_CODIGO,TEST_TEST_CODIGO,EV_ALUMNO_PUNTAJE,EV_ALUMNO_PUNTAJE_N,EV_OBSERVACION) values ('15','2','95','6,6',null);
Insert into EVALUACIONES.EVALUACION (ALUMNO_ALUMNO_CODIGO,TEST_TEST_CODIGO,EV_ALUMNO_PUNTAJE,EV_ALUMNO_PUNTAJE_N,EV_OBSERVACION) values ('16','2','75','5',null);
Insert into EVALUACIONES.EVALUACION (ALUMNO_ALUMNO_CODIGO,TEST_TEST_CODIGO,EV_ALUMNO_PUNTAJE,EV_ALUMNO_PUNTAJE_N,EV_OBSERVACION) values ('17','2','75','5',null);
Insert into EVALUACIONES.EVALUACION (ALUMNO_ALUMNO_CODIGO,TEST_TEST_CODIGO,EV_ALUMNO_PUNTAJE,EV_ALUMNO_PUNTAJE_N,EV_OBSERVACION) values ('18','2','100','7',null);
Insert into EVALUACIONES.EVALUACION (ALUMNO_ALUMNO_CODIGO,TEST_TEST_CODIGO,EV_ALUMNO_PUNTAJE,EV_ALUMNO_PUNTAJE_N,EV_OBSERVACION) values ('19','2','100','7',null);
Insert into EVALUACIONES.EVALUACION (ALUMNO_ALUMNO_CODIGO,TEST_TEST_CODIGO,EV_ALUMNO_PUNTAJE,EV_ALUMNO_PUNTAJE_N,EV_OBSERVACION) values ('20','2','100','7',null);
REM INSERTING into EVALUACIONES.PREG_RESPUESTA
SET DEFINE OFF;
Insert into EVALUACIONES.PREG_RESPUESTA (PREGUNTA_PREG_CODIGO,ALTERNATIVA_ALT_CODIGO) values ('1','1');
Insert into EVALUACIONES.PREG_RESPUESTA (PREGUNTA_PREG_CODIGO,ALTERNATIVA_ALT_CODIGO) values ('1','2');
Insert into EVALUACIONES.PREG_RESPUESTA (PREGUNTA_PREG_CODIGO,ALTERNATIVA_ALT_CODIGO) values ('1','3');
Insert into EVALUACIONES.PREG_RESPUESTA (PREGUNTA_PREG_CODIGO,ALTERNATIVA_ALT_CODIGO) values ('1','4');
Insert into EVALUACIONES.PREG_RESPUESTA (PREGUNTA_PREG_CODIGO,ALTERNATIVA_ALT_CODIGO) values ('2','1');
Insert into EVALUACIONES.PREG_RESPUESTA (PREGUNTA_PREG_CODIGO,ALTERNATIVA_ALT_CODIGO) values ('2','2');
Insert into EVALUACIONES.PREG_RESPUESTA (PREGUNTA_PREG_CODIGO,ALTERNATIVA_ALT_CODIGO) values ('2','3');
Insert into EVALUACIONES.PREG_RESPUESTA (PREGUNTA_PREG_CODIGO,ALTERNATIVA_ALT_CODIGO) values ('2','4');
Insert into EVALUACIONES.PREG_RESPUESTA (PREGUNTA_PREG_CODIGO,ALTERNATIVA_ALT_CODIGO) values ('3','1');
Insert into EVALUACIONES.PREG_RESPUESTA (PREGUNTA_PREG_CODIGO,ALTERNATIVA_ALT_CODIGO) values ('3','2');
Insert into EVALUACIONES.PREG_RESPUESTA (PREGUNTA_PREG_CODIGO,ALTERNATIVA_ALT_CODIGO) values ('3','3');
Insert into EVALUACIONES.PREG_RESPUESTA (PREGUNTA_PREG_CODIGO,ALTERNATIVA_ALT_CODIGO) values ('3','4');
Insert into EVALUACIONES.PREG_RESPUESTA (PREGUNTA_PREG_CODIGO,ALTERNATIVA_ALT_CODIGO) values ('4','1');
Insert into EVALUACIONES.PREG_RESPUESTA (PREGUNTA_PREG_CODIGO,ALTERNATIVA_ALT_CODIGO) values ('4','2');
Insert into EVALUACIONES.PREG_RESPUESTA (PREGUNTA_PREG_CODIGO,ALTERNATIVA_ALT_CODIGO) values ('4','3');
Insert into EVALUACIONES.PREG_RESPUESTA (PREGUNTA_PREG_CODIGO,ALTERNATIVA_ALT_CODIGO) values ('4','4');
Insert into EVALUACIONES.PREG_RESPUESTA (PREGUNTA_PREG_CODIGO,ALTERNATIVA_ALT_CODIGO) values ('5','1');
Insert into EVALUACIONES.PREG_RESPUESTA (PREGUNTA_PREG_CODIGO,ALTERNATIVA_ALT_CODIGO) values ('5','2');
Insert into EVALUACIONES.PREG_RESPUESTA (PREGUNTA_PREG_CODIGO,ALTERNATIVA_ALT_CODIGO) values ('5','3');
Insert into EVALUACIONES.PREG_RESPUESTA (PREGUNTA_PREG_CODIGO,ALTERNATIVA_ALT_CODIGO) values ('5','4');
Insert into EVALUACIONES.PREG_RESPUESTA (PREGUNTA_PREG_CODIGO,ALTERNATIVA_ALT_CODIGO) values ('6','1');
Insert into EVALUACIONES.PREG_RESPUESTA (PREGUNTA_PREG_CODIGO,ALTERNATIVA_ALT_CODIGO) values ('6','2');
Insert into EVALUACIONES.PREG_RESPUESTA (PREGUNTA_PREG_CODIGO,ALTERNATIVA_ALT_CODIGO) values ('6','3');
Insert into EVALUACIONES.PREG_RESPUESTA (PREGUNTA_PREG_CODIGO,ALTERNATIVA_ALT_CODIGO) values ('6','4');
Insert into EVALUACIONES.PREG_RESPUESTA (PREGUNTA_PREG_CODIGO,ALTERNATIVA_ALT_CODIGO) values ('7','1');
Insert into EVALUACIONES.PREG_RESPUESTA (PREGUNTA_PREG_CODIGO,ALTERNATIVA_ALT_CODIGO) values ('7','2');
Insert into EVALUACIONES.PREG_RESPUESTA (PREGUNTA_PREG_CODIGO,ALTERNATIVA_ALT_CODIGO) values ('7','3');
Insert into EVALUACIONES.PREG_RESPUESTA (PREGUNTA_PREG_CODIGO,ALTERNATIVA_ALT_CODIGO) values ('7','4');
Insert into EVALUACIONES.PREG_RESPUESTA (PREGUNTA_PREG_CODIGO,ALTERNATIVA_ALT_CODIGO) values ('8','1');
Insert into EVALUACIONES.PREG_RESPUESTA (PREGUNTA_PREG_CODIGO,ALTERNATIVA_ALT_CODIGO) values ('8','2');
Insert into EVALUACIONES.PREG_RESPUESTA (PREGUNTA_PREG_CODIGO,ALTERNATIVA_ALT_CODIGO) values ('8','3');
Insert into EVALUACIONES.PREG_RESPUESTA (PREGUNTA_PREG_CODIGO,ALTERNATIVA_ALT_CODIGO) values ('8','4');
Insert into EVALUACIONES.PREG_RESPUESTA (PREGUNTA_PREG_CODIGO,ALTERNATIVA_ALT_CODIGO) values ('9','1');
Insert into EVALUACIONES.PREG_RESPUESTA (PREGUNTA_PREG_CODIGO,ALTERNATIVA_ALT_CODIGO) values ('9','2');
Insert into EVALUACIONES.PREG_RESPUESTA (PREGUNTA_PREG_CODIGO,ALTERNATIVA_ALT_CODIGO) values ('9','3');
Insert into EVALUACIONES.PREG_RESPUESTA (PREGUNTA_PREG_CODIGO,ALTERNATIVA_ALT_CODIGO) values ('9','4');
Insert into EVALUACIONES.PREG_RESPUESTA (PREGUNTA_PREG_CODIGO,ALTERNATIVA_ALT_CODIGO) values ('10','1');
Insert into EVALUACIONES.PREG_RESPUESTA (PREGUNTA_PREG_CODIGO,ALTERNATIVA_ALT_CODIGO) values ('10','2');
Insert into EVALUACIONES.PREG_RESPUESTA (PREGUNTA_PREG_CODIGO,ALTERNATIVA_ALT_CODIGO) values ('10','3');
Insert into EVALUACIONES.PREG_RESPUESTA (PREGUNTA_PREG_CODIGO,ALTERNATIVA_ALT_CODIGO) values ('10','4');
REM INSERTING into EVALUACIONES.PREGUNTA
SET DEFINE OFF;
Insert into EVALUACIONES.PREGUNTA (PREG_CODIGO,PREG_ENUNCIADO,PREG_PUNTAJE_ASOCIADO) values ('1','¿Cuales de los siguientes no son identificadores validos en Java?','100');
Insert into EVALUACIONES.PREGUNTA (PREG_CODIGO,PREG_ENUNCIADO,PREG_PUNTAJE_ASOCIADO) values ('2','¿Cual de las siguientes sentencias es verdadera?','100');
Insert into EVALUACIONES.PREGUNTA (PREG_CODIGO,PREG_ENUNCIADO,PREG_PUNTAJE_ASOCIADO) values ('3','¿Cuales de las siguientes son llamadas validas para crear instancias de la clase Test?','100');
Insert into EVALUACIONES.PREGUNTA (PREG_CODIGO,PREG_ENUNCIADO,PREG_PUNTAJE_ASOCIADO) values ('4','¿Cual de los siguientes campos serian apropiados incluir en la clase Gato como atributos?','100');
Insert into EVALUACIONES.PREGUNTA (PREG_CODIGO,PREG_ENUNCIADO,PREG_PUNTAJE_ASOCIADO) values ('5','¿Cuales de estos son sistemas operativos?','100');
Insert into EVALUACIONES.PREGUNTA (PREG_CODIGO,PREG_ENUNCIADO,PREG_PUNTAJE_ASOCIADO) values ('6','Los pronombres se clasifican en:','100');
Insert into EVALUACIONES.PREGUNTA (PREG_CODIGO,PREG_ENUNCIADO,PREG_PUNTAJE_ASOCIADO) values ('7','¿Cuales de estas corresponden a piezas de un computador?','100');
Insert into EVALUACIONES.PREGUNTA (PREG_CODIGO,PREG_ENUNCIADO,PREG_PUNTAJE_ASOCIADO) values ('8','¿Qué continentes son islas?','100');
Insert into EVALUACIONES.PREGUNTA (PREG_CODIGO,PREG_ENUNCIADO,PREG_PUNTAJE_ASOCIADO) values ('9','De las siguientes opciones, ¿cuales son unidades de medida de longitud?','100');
Insert into EVALUACIONES.PREGUNTA (PREG_CODIGO,PREG_ENUNCIADO,PREG_PUNTAJE_ASOCIADO) values ('10','¿Cuales de las siguientes afirmaciones son verdaderas para un cuadrado geométrico?','100');
Insert into EVALUACIONES.PREGUNTA (PREG_CODIGO,PREG_ENUNCIADO,PREG_PUNTAJE_ASOCIADO) values ('11','Fuentes de ideas del proyecto. Escoja una o más de una.','100');
Insert into EVALUACIONES.PREGUNTA (PREG_CODIGO,PREG_ENUNCIADO,PREG_PUNTAJE_ASOCIADO) values ('12','Escriba los Ciclo del vida del proyecto','100');
Insert into EVALUACIONES.PREGUNTA (PREG_CODIGO,PREG_ENUNCIADO,PREG_PUNTAJE_ASOCIADO) values ('13','¿Qué hace el responsable de la etapa de requerimientos básicos?','100');
Insert into EVALUACIONES.PREGUNTA (PREG_CODIGO,PREG_ENUNCIADO,PREG_PUNTAJE_ASOCIADO) values ('14','Quienes son los encargados de determinar el grado y el objetivo esperado','100');
Insert into EVALUACIONES.PREGUNTA (PREG_CODIGO,PREG_ENUNCIADO,PREG_PUNTAJE_ASOCIADO) values ('15','¿Cite 4 tipos de Proyectos?','100');
Insert into EVALUACIONES.PREGUNTA (PREG_CODIGO,PREG_ENUNCIADO,PREG_PUNTAJE_ASOCIADO) values ('16','Un proyecto está formado por cuatro estudios fundamentales ¿cuáles son?','100');
Insert into EVALUACIONES.PREGUNTA (PREG_CODIGO,PREG_ENUNCIADO,PREG_PUNTAJE_ASOCIADO) values ('17','Mencione 4 pasos que se debe tener en cuenta al momento de hacer el Project chárter','100');
Insert into EVALUACIONES.PREGUNTA (PREG_CODIGO,PREG_ENUNCIADO,PREG_PUNTAJE_ASOCIADO) values ('18','Dentro de la metodología de Marco Lógico, cual(es) corresponde a la etapa de planificación.','100');
Insert into EVALUACIONES.PREGUNTA (PREG_CODIGO,PREG_ENUNCIADO,PREG_PUNTAJE_ASOCIADO) values ('19','Seleccione los 3 tipos de indicadores correctos','100');
Insert into EVALUACIONES.PREGUNTA (PREG_CODIGO,PREG_ENUNCIADO,PREG_PUNTAJE_ASOCIADO) values ('20','Seleccione el literal que no corresponde al resumen de objetivos','100');
REM INSERTING into EVALUACIONES.TEST
SET DEFINE OFF;
Insert into EVALUACIONES.TEST (TEST_CODIGO,TEST_NOMBRE,TEST_DESCRIPCION,TEST_PROGRAMA,TEST_UNIDAD,TEST_AUTOR,TEST_FECHA_CREACION) values ('1','Variedades','Preguntas variadas de opciones multiples con 2 o mas respuestas correctas ','Programación BD','Modulo 02','Felipito',to_date('25/12/18','DD/MM/RR'));
Insert into EVALUACIONES.TEST (TEST_CODIGO,TEST_NOMBRE,TEST_DESCRIPCION,TEST_PROGRAMA,TEST_UNIDAD,TEST_AUTOR,TEST_FECHA_CREACION) values ('2','Examen Administración','Cuestionario final Administración de Proyectos','Administración de Proyectos','Modulo 01','Hernan Fuentes',to_date('15/01/19','DD/MM/RR'));
REM INSERTING into EVALUACIONES.TEST_PREGUNTA
SET DEFINE OFF;
Insert into EVALUACIONES.TEST_PREGUNTA (TEST_TEST_CODIGO,PREGUNTA_PREG_CODIGO) values ('1','1');
Insert into EVALUACIONES.TEST_PREGUNTA (TEST_TEST_CODIGO,PREGUNTA_PREG_CODIGO) values ('1','2');
Insert into EVALUACIONES.TEST_PREGUNTA (TEST_TEST_CODIGO,PREGUNTA_PREG_CODIGO) values ('1','3');
Insert into EVALUACIONES.TEST_PREGUNTA (TEST_TEST_CODIGO,PREGUNTA_PREG_CODIGO) values ('1','4');
Insert into EVALUACIONES.TEST_PREGUNTA (TEST_TEST_CODIGO,PREGUNTA_PREG_CODIGO) values ('1','5');
Insert into EVALUACIONES.TEST_PREGUNTA (TEST_TEST_CODIGO,PREGUNTA_PREG_CODIGO) values ('1','6');
Insert into EVALUACIONES.TEST_PREGUNTA (TEST_TEST_CODIGO,PREGUNTA_PREG_CODIGO) values ('1','7');
Insert into EVALUACIONES.TEST_PREGUNTA (TEST_TEST_CODIGO,PREGUNTA_PREG_CODIGO) values ('1','8');
Insert into EVALUACIONES.TEST_PREGUNTA (TEST_TEST_CODIGO,PREGUNTA_PREG_CODIGO) values ('1','9');
Insert into EVALUACIONES.TEST_PREGUNTA (TEST_TEST_CODIGO,PREGUNTA_PREG_CODIGO) values ('1','10');
Insert into EVALUACIONES.TEST_PREGUNTA (TEST_TEST_CODIGO,PREGUNTA_PREG_CODIGO) values ('2','1');
Insert into EVALUACIONES.TEST_PREGUNTA (TEST_TEST_CODIGO,PREGUNTA_PREG_CODIGO) values ('2','2');
Insert into EVALUACIONES.TEST_PREGUNTA (TEST_TEST_CODIGO,PREGUNTA_PREG_CODIGO) values ('2','3');
Insert into EVALUACIONES.TEST_PREGUNTA (TEST_TEST_CODIGO,PREGUNTA_PREG_CODIGO) values ('2','4');
Insert into EVALUACIONES.TEST_PREGUNTA (TEST_TEST_CODIGO,PREGUNTA_PREG_CODIGO) values ('2','5');
Insert into EVALUACIONES.TEST_PREGUNTA (TEST_TEST_CODIGO,PREGUNTA_PREG_CODIGO) values ('2','6');
Insert into EVALUACIONES.TEST_PREGUNTA (TEST_TEST_CODIGO,PREGUNTA_PREG_CODIGO) values ('2','7');
Insert into EVALUACIONES.TEST_PREGUNTA (TEST_TEST_CODIGO,PREGUNTA_PREG_CODIGO) values ('2','8');
Insert into EVALUACIONES.TEST_PREGUNTA (TEST_TEST_CODIGO,PREGUNTA_PREG_CODIGO) values ('2','9');
Insert into EVALUACIONES.TEST_PREGUNTA (TEST_TEST_CODIGO,PREGUNTA_PREG_CODIGO) values ('2','10');
--------------------------------------------------------
--  DDL for Index R_ALUMNO_TEST_PK
--------------------------------------------------------

  CREATE UNIQUE INDEX "EVALUACIONES"."R_ALUMNO_TEST_PK" ON "EVALUACIONES"."EVALUACION" ("ALUMNO_ALUMNO_CODIGO", "TEST_TEST_CODIGO") 
  PCTFREE 10 INITRANS 2 MAXTRANS 255 COMPUTE STATISTICS 
  STORAGE(INITIAL 65536 NEXT 1048576 MINEXTENTS 1 MAXEXTENTS 2147483645
  PCTINCREASE 0 FREELISTS 1 FREELIST GROUPS 1 BUFFER_POOL DEFAULT FLASH_CACHE DEFAULT CELL_FLASH_CACHE DEFAULT)
  TABLESPACE "SYSTEM" ;
--------------------------------------------------------
--  DDL for Index TEST_PREGUNTA_PK
--------------------------------------------------------

  CREATE UNIQUE INDEX "EVALUACIONES"."TEST_PREGUNTA_PK" ON "EVALUACIONES"."TEST_PREGUNTA" ("TEST_TEST_CODIGO", "PREGUNTA_PREG_CODIGO") 
  PCTFREE 10 INITRANS 2 MAXTRANS 255 COMPUTE STATISTICS 
  STORAGE(INITIAL 65536 NEXT 1048576 MINEXTENTS 1 MAXEXTENTS 2147483645
  PCTINCREASE 0 FREELISTS 1 FREELIST GROUPS 1 BUFFER_POOL DEFAULT FLASH_CACHE DEFAULT CELL_FLASH_CACHE DEFAULT)
  TABLESPACE "SYSTEM" ;
--------------------------------------------------------
--  DDL for Index PREG_RESPUESTA_PK
--------------------------------------------------------

  CREATE UNIQUE INDEX "EVALUACIONES"."PREG_RESPUESTA_PK" ON "EVALUACIONES"."PREG_RESPUESTA" ("PREGUNTA_PREG_CODIGO", "ALTERNATIVA_ALT_CODIGO") 
  PCTFREE 10 INITRANS 2 MAXTRANS 255 COMPUTE STATISTICS 
  STORAGE(INITIAL 65536 NEXT 1048576 MINEXTENTS 1 MAXEXTENTS 2147483645
  PCTINCREASE 0 FREELISTS 1 FREELIST GROUPS 1 BUFFER_POOL DEFAULT FLASH_CACHE DEFAULT CELL_FLASH_CACHE DEFAULT)
  TABLESPACE "SYSTEM" ;
--------------------------------------------------------
--  DDL for Index CURSO_PK
--------------------------------------------------------

  CREATE UNIQUE INDEX "EVALUACIONES"."CURSO_PK" ON "EVALUACIONES"."CURSO" ("CURSO_CODIGO") 
  PCTFREE 10 INITRANS 2 MAXTRANS 255 COMPUTE STATISTICS 
  STORAGE(INITIAL 65536 NEXT 1048576 MINEXTENTS 1 MAXEXTENTS 2147483645
  PCTINCREASE 0 FREELISTS 1 FREELIST GROUPS 1 BUFFER_POOL DEFAULT FLASH_CACHE DEFAULT CELL_FLASH_CACHE DEFAULT)
  TABLESPACE "SYSTEM" ;
--------------------------------------------------------
--  DDL for Index PREGUNTA_PK
--------------------------------------------------------

  CREATE UNIQUE INDEX "EVALUACIONES"."PREGUNTA_PK" ON "EVALUACIONES"."PREGUNTA" ("PREG_CODIGO") 
  PCTFREE 10 INITRANS 2 MAXTRANS 255 COMPUTE STATISTICS 
  STORAGE(INITIAL 65536 NEXT 1048576 MINEXTENTS 1 MAXEXTENTS 2147483645
  PCTINCREASE 0 FREELISTS 1 FREELIST GROUPS 1 BUFFER_POOL DEFAULT FLASH_CACHE DEFAULT CELL_FLASH_CACHE DEFAULT)
  TABLESPACE "SYSTEM" ;
--------------------------------------------------------
--  DDL for Index DETALLE_EVALUACION_PK
--------------------------------------------------------

  CREATE UNIQUE INDEX "EVALUACIONES"."DETALLE_EVALUACION_PK" ON "EVALUACIONES"."DETALLE_EVALUACION" ("ALUMNO_CODIGO", "TEST_CODIGO", "PREG_CODIGO", "ALT_CODIGO") 
  PCTFREE 10 INITRANS 2 MAXTRANS 255 COMPUTE STATISTICS 
  STORAGE(INITIAL 65536 NEXT 1048576 MINEXTENTS 1 MAXEXTENTS 2147483645
  PCTINCREASE 0 FREELISTS 1 FREELIST GROUPS 1 BUFFER_POOL DEFAULT FLASH_CACHE DEFAULT CELL_FLASH_CACHE DEFAULT)
  TABLESPACE "SYSTEM" ;
--------------------------------------------------------
--  DDL for Index TEST_PK
--------------------------------------------------------

  CREATE UNIQUE INDEX "EVALUACIONES"."TEST_PK" ON "EVALUACIONES"."TEST" ("TEST_CODIGO") 
  PCTFREE 10 INITRANS 2 MAXTRANS 255 COMPUTE STATISTICS 
  STORAGE(INITIAL 65536 NEXT 1048576 MINEXTENTS 1 MAXEXTENTS 2147483645
  PCTINCREASE 0 FREELISTS 1 FREELIST GROUPS 1 BUFFER_POOL DEFAULT FLASH_CACHE DEFAULT CELL_FLASH_CACHE DEFAULT)
  TABLESPACE "SYSTEM" ;
--------------------------------------------------------
--  DDL for Index ALUMNO_PK
--------------------------------------------------------

  CREATE UNIQUE INDEX "EVALUACIONES"."ALUMNO_PK" ON "EVALUACIONES"."ALUMNO" ("ALUMNO_CODIGO") 
  PCTFREE 10 INITRANS 2 MAXTRANS 255 COMPUTE STATISTICS 
  STORAGE(INITIAL 65536 NEXT 1048576 MINEXTENTS 1 MAXEXTENTS 2147483645
  PCTINCREASE 0 FREELISTS 1 FREELIST GROUPS 1 BUFFER_POOL DEFAULT FLASH_CACHE DEFAULT CELL_FLASH_CACHE DEFAULT)
  TABLESPACE "SYSTEM" ;
--------------------------------------------------------
--  DDL for Index ALTERNATIVA_PK
--------------------------------------------------------

  CREATE UNIQUE INDEX "EVALUACIONES"."ALTERNATIVA_PK" ON "EVALUACIONES"."ALTERNATIVA" ("ALT_CODIGO") 
  PCTFREE 10 INITRANS 2 MAXTRANS 255 COMPUTE STATISTICS 
  STORAGE(INITIAL 65536 NEXT 1048576 MINEXTENTS 1 MAXEXTENTS 2147483645
  PCTINCREASE 0 FREELISTS 1 FREELIST GROUPS 1 BUFFER_POOL DEFAULT FLASH_CACHE DEFAULT CELL_FLASH_CACHE DEFAULT)
  TABLESPACE "SYSTEM" ;
--------------------------------------------------------
--  DDL for Trigger ALTERNATIVA_ALT_CODIGO_TRG
--------------------------------------------------------

  CREATE OR REPLACE TRIGGER "EVALUACIONES"."ALTERNATIVA_ALT_CODIGO_TRG" BEFORE
    INSERT ON alternativa
    FOR EACH ROW
     WHEN ( new.alt_codigo IS NULL ) BEGIN
    :new.alt_codigo := alternativa_alt_codigo_seq.nextval;
END;
/
ALTER TRIGGER "EVALUACIONES"."ALTERNATIVA_ALT_CODIGO_TRG" ENABLE;
--------------------------------------------------------
--  DDL for Trigger ALUMNO_ALUMNO_CODIGO_TRG
--------------------------------------------------------

  CREATE OR REPLACE TRIGGER "EVALUACIONES"."ALUMNO_ALUMNO_CODIGO_TRG" BEFORE
    INSERT ON alumno
    FOR EACH ROW
     WHEN ( new.alumno_codigo IS NULL ) BEGIN
    :new.alumno_codigo := alumno_alumno_codigo_seq.nextval;
END;
/
ALTER TRIGGER "EVALUACIONES"."ALUMNO_ALUMNO_CODIGO_TRG" ENABLE;
--------------------------------------------------------
--  DDL for Trigger CURSO_CURSO_CODIGO_TRG
--------------------------------------------------------

  CREATE OR REPLACE TRIGGER "EVALUACIONES"."CURSO_CURSO_CODIGO_TRG" BEFORE
    INSERT ON curso
    FOR EACH ROW
     WHEN ( new.curso_codigo IS NULL ) BEGIN
    :new.curso_codigo := curso_curso_codigo_seq.nextval;
END;
/
ALTER TRIGGER "EVALUACIONES"."CURSO_CURSO_CODIGO_TRG" ENABLE;
--------------------------------------------------------
--  DDL for Trigger PREGUNTA_PREG_CODIGO_TRG
--------------------------------------------------------

  CREATE OR REPLACE TRIGGER "EVALUACIONES"."PREGUNTA_PREG_CODIGO_TRG" BEFORE
    INSERT ON pregunta
    FOR EACH ROW
     WHEN ( new.preg_codigo IS NULL ) BEGIN
    :new.preg_codigo := pregunta_preg_codigo_seq.nextval;
END;
/
ALTER TRIGGER "EVALUACIONES"."PREGUNTA_PREG_CODIGO_TRG" ENABLE;
--------------------------------------------------------
--  DDL for Trigger TEST_TEST_CODIGO_TRG
--------------------------------------------------------

  CREATE OR REPLACE TRIGGER "EVALUACIONES"."TEST_TEST_CODIGO_TRG" BEFORE
    INSERT ON test
    FOR EACH ROW
     WHEN ( new.test_codigo IS NULL ) BEGIN
    :new.test_codigo := test_test_codigo_seq.nextval;
END;
/
ALTER TRIGGER "EVALUACIONES"."TEST_TEST_CODIGO_TRG" ENABLE;
--------------------------------------------------------
--  Constraints for Table EVALUACION
--------------------------------------------------------

  ALTER TABLE "EVALUACIONES"."EVALUACION" ADD CONSTRAINT "R_ALUMNO_TEST_PK" PRIMARY KEY ("ALUMNO_ALUMNO_CODIGO", "TEST_TEST_CODIGO")
  USING INDEX PCTFREE 10 INITRANS 2 MAXTRANS 255 COMPUTE STATISTICS 
  STORAGE(INITIAL 65536 NEXT 1048576 MINEXTENTS 1 MAXEXTENTS 2147483645
  PCTINCREASE 0 FREELISTS 1 FREELIST GROUPS 1 BUFFER_POOL DEFAULT FLASH_CACHE DEFAULT CELL_FLASH_CACHE DEFAULT)
  TABLESPACE "SYSTEM"  ENABLE;
  ALTER TABLE "EVALUACIONES"."EVALUACION" MODIFY ("EV_ALUMNO_PUNTAJE_N" NOT NULL ENABLE);
  ALTER TABLE "EVALUACIONES"."EVALUACION" MODIFY ("EV_ALUMNO_PUNTAJE" NOT NULL ENABLE);
  ALTER TABLE "EVALUACIONES"."EVALUACION" MODIFY ("TEST_TEST_CODIGO" NOT NULL ENABLE);
  ALTER TABLE "EVALUACIONES"."EVALUACION" MODIFY ("ALUMNO_ALUMNO_CODIGO" NOT NULL ENABLE);
--------------------------------------------------------
--  Constraints for Table DETALLE_EVALUACION
--------------------------------------------------------

  ALTER TABLE "EVALUACIONES"."DETALLE_EVALUACION" ADD CONSTRAINT "DETALLE_EVALUACION_PK" PRIMARY KEY ("ALUMNO_CODIGO", "TEST_CODIGO", "PREG_CODIGO", "ALT_CODIGO")
  USING INDEX PCTFREE 10 INITRANS 2 MAXTRANS 255 COMPUTE STATISTICS 
  STORAGE(INITIAL 65536 NEXT 1048576 MINEXTENTS 1 MAXEXTENTS 2147483645
  PCTINCREASE 0 FREELISTS 1 FREELIST GROUPS 1 BUFFER_POOL DEFAULT FLASH_CACHE DEFAULT CELL_FLASH_CACHE DEFAULT)
  TABLESPACE "SYSTEM"  ENABLE;
  ALTER TABLE "EVALUACIONES"."DETALLE_EVALUACION" MODIFY ("ALT_CODIGO" NOT NULL ENABLE);
  ALTER TABLE "EVALUACIONES"."DETALLE_EVALUACION" MODIFY ("PREG_CODIGO" NOT NULL ENABLE);
  ALTER TABLE "EVALUACIONES"."DETALLE_EVALUACION" MODIFY ("TEST_CODIGO" NOT NULL ENABLE);
  ALTER TABLE "EVALUACIONES"."DETALLE_EVALUACION" MODIFY ("ALUMNO_CODIGO" NOT NULL ENABLE);
--------------------------------------------------------
--  Constraints for Table TEST
--------------------------------------------------------

  ALTER TABLE "EVALUACIONES"."TEST" ADD CONSTRAINT "TEST_PK" PRIMARY KEY ("TEST_CODIGO")
  USING INDEX PCTFREE 10 INITRANS 2 MAXTRANS 255 COMPUTE STATISTICS 
  STORAGE(INITIAL 65536 NEXT 1048576 MINEXTENTS 1 MAXEXTENTS 2147483645
  PCTINCREASE 0 FREELISTS 1 FREELIST GROUPS 1 BUFFER_POOL DEFAULT FLASH_CACHE DEFAULT CELL_FLASH_CACHE DEFAULT)
  TABLESPACE "SYSTEM"  ENABLE;
  ALTER TABLE "EVALUACIONES"."TEST" MODIFY ("TEST_FECHA_CREACION" NOT NULL ENABLE);
  ALTER TABLE "EVALUACIONES"."TEST" MODIFY ("TEST_AUTOR" NOT NULL ENABLE);
  ALTER TABLE "EVALUACIONES"."TEST" MODIFY ("TEST_UNIDAD" NOT NULL ENABLE);
  ALTER TABLE "EVALUACIONES"."TEST" MODIFY ("TEST_PROGRAMA" NOT NULL ENABLE);
  ALTER TABLE "EVALUACIONES"."TEST" MODIFY ("TEST_DESCRIPCION" NOT NULL ENABLE);
  ALTER TABLE "EVALUACIONES"."TEST" MODIFY ("TEST_NOMBRE" NOT NULL ENABLE);
  ALTER TABLE "EVALUACIONES"."TEST" MODIFY ("TEST_CODIGO" NOT NULL ENABLE);
--------------------------------------------------------
--  Constraints for Table ALUMNO
--------------------------------------------------------

  ALTER TABLE "EVALUACIONES"."ALUMNO" ADD CONSTRAINT "ALUMNO_PK" PRIMARY KEY ("ALUMNO_CODIGO")
  USING INDEX PCTFREE 10 INITRANS 2 MAXTRANS 255 COMPUTE STATISTICS 
  STORAGE(INITIAL 65536 NEXT 1048576 MINEXTENTS 1 MAXEXTENTS 2147483645
  PCTINCREASE 0 FREELISTS 1 FREELIST GROUPS 1 BUFFER_POOL DEFAULT FLASH_CACHE DEFAULT CELL_FLASH_CACHE DEFAULT)
  TABLESPACE "SYSTEM"  ENABLE;
  ALTER TABLE "EVALUACIONES"."ALUMNO" MODIFY ("CURSO_CURSO_CODIGO" NOT NULL ENABLE);
  ALTER TABLE "EVALUACIONES"."ALUMNO" MODIFY ("ALUMNO_EV_VERDADERO" NOT NULL ENABLE);
  ALTER TABLE "EVALUACIONES"."ALUMNO" MODIFY ("ALUMNO_CIUDAD" NOT NULL ENABLE);
  ALTER TABLE "EVALUACIONES"."ALUMNO" MODIFY ("ALUMNO_APELLIDOS" NOT NULL ENABLE);
  ALTER TABLE "EVALUACIONES"."ALUMNO" MODIFY ("ALUMNO_NOMBRE" NOT NULL ENABLE);
  ALTER TABLE "EVALUACIONES"."ALUMNO" MODIFY ("ALUMNO_RUT" NOT NULL ENABLE);
  ALTER TABLE "EVALUACIONES"."ALUMNO" MODIFY ("ALUMNO_CODIGO" NOT NULL ENABLE);
--------------------------------------------------------
--  Constraints for Table TEST_PREGUNTA
--------------------------------------------------------

  ALTER TABLE "EVALUACIONES"."TEST_PREGUNTA" ADD CONSTRAINT "TEST_PREGUNTA_PK" PRIMARY KEY ("TEST_TEST_CODIGO", "PREGUNTA_PREG_CODIGO")
  USING INDEX PCTFREE 10 INITRANS 2 MAXTRANS 255 COMPUTE STATISTICS 
  STORAGE(INITIAL 65536 NEXT 1048576 MINEXTENTS 1 MAXEXTENTS 2147483645
  PCTINCREASE 0 FREELISTS 1 FREELIST GROUPS 1 BUFFER_POOL DEFAULT FLASH_CACHE DEFAULT CELL_FLASH_CACHE DEFAULT)
  TABLESPACE "SYSTEM"  ENABLE;
  ALTER TABLE "EVALUACIONES"."TEST_PREGUNTA" MODIFY ("PREGUNTA_PREG_CODIGO" NOT NULL ENABLE);
  ALTER TABLE "EVALUACIONES"."TEST_PREGUNTA" MODIFY ("TEST_TEST_CODIGO" NOT NULL ENABLE);
--------------------------------------------------------
--  Constraints for Table PREGUNTA
--------------------------------------------------------

  ALTER TABLE "EVALUACIONES"."PREGUNTA" ADD CONSTRAINT "PREGUNTA_PK" PRIMARY KEY ("PREG_CODIGO")
  USING INDEX PCTFREE 10 INITRANS 2 MAXTRANS 255 COMPUTE STATISTICS 
  STORAGE(INITIAL 65536 NEXT 1048576 MINEXTENTS 1 MAXEXTENTS 2147483645
  PCTINCREASE 0 FREELISTS 1 FREELIST GROUPS 1 BUFFER_POOL DEFAULT FLASH_CACHE DEFAULT CELL_FLASH_CACHE DEFAULT)
  TABLESPACE "SYSTEM"  ENABLE;
  ALTER TABLE "EVALUACIONES"."PREGUNTA" MODIFY ("PREG_PUNTAJE_ASOCIADO" NOT NULL ENABLE);
  ALTER TABLE "EVALUACIONES"."PREGUNTA" MODIFY ("PREG_ENUNCIADO" NOT NULL ENABLE);
  ALTER TABLE "EVALUACIONES"."PREGUNTA" MODIFY ("PREG_CODIGO" NOT NULL ENABLE);
--------------------------------------------------------
--  Constraints for Table ALTERNATIVA
--------------------------------------------------------

  ALTER TABLE "EVALUACIONES"."ALTERNATIVA" ADD CONSTRAINT "ALTERNATIVA_PK" PRIMARY KEY ("ALT_CODIGO")
  USING INDEX PCTFREE 10 INITRANS 2 MAXTRANS 255 COMPUTE STATISTICS 
  STORAGE(INITIAL 65536 NEXT 1048576 MINEXTENTS 1 MAXEXTENTS 2147483645
  PCTINCREASE 0 FREELISTS 1 FREELIST GROUPS 1 BUFFER_POOL DEFAULT FLASH_CACHE DEFAULT CELL_FLASH_CACHE DEFAULT)
  TABLESPACE "SYSTEM"  ENABLE;
  ALTER TABLE "EVALUACIONES"."ALTERNATIVA" MODIFY ("ALT_PORCENTAJE" NOT NULL ENABLE);
  ALTER TABLE "EVALUACIONES"."ALTERNATIVA" MODIFY ("ALT_VALOR_LOGICO" NOT NULL ENABLE);
  ALTER TABLE "EVALUACIONES"."ALTERNATIVA" MODIFY ("ALT_DESCRIPCION" NOT NULL ENABLE);
  ALTER TABLE "EVALUACIONES"."ALTERNATIVA" MODIFY ("ALT_CODIGO" NOT NULL ENABLE);
--------------------------------------------------------
--  Constraints for Table CURSO
--------------------------------------------------------

  ALTER TABLE "EVALUACIONES"."CURSO" ADD CONSTRAINT "CURSO_PK" PRIMARY KEY ("CURSO_CODIGO")
  USING INDEX PCTFREE 10 INITRANS 2 MAXTRANS 255 COMPUTE STATISTICS 
  STORAGE(INITIAL 65536 NEXT 1048576 MINEXTENTS 1 MAXEXTENTS 2147483645
  PCTINCREASE 0 FREELISTS 1 FREELIST GROUPS 1 BUFFER_POOL DEFAULT FLASH_CACHE DEFAULT CELL_FLASH_CACHE DEFAULT)
  TABLESPACE "SYSTEM"  ENABLE;
  ALTER TABLE "EVALUACIONES"."CURSO" MODIFY ("CURSO_NOMBRE" NOT NULL ENABLE);
  ALTER TABLE "EVALUACIONES"."CURSO" MODIFY ("CURSO_CODIGO" NOT NULL ENABLE);
--------------------------------------------------------
--  Constraints for Table PREG_RESPUESTA
--------------------------------------------------------

  ALTER TABLE "EVALUACIONES"."PREG_RESPUESTA" ADD CONSTRAINT "PREG_RESPUESTA_PK" PRIMARY KEY ("PREGUNTA_PREG_CODIGO", "ALTERNATIVA_ALT_CODIGO")
  USING INDEX PCTFREE 10 INITRANS 2 MAXTRANS 255 COMPUTE STATISTICS 
  STORAGE(INITIAL 65536 NEXT 1048576 MINEXTENTS 1 MAXEXTENTS 2147483645
  PCTINCREASE 0 FREELISTS 1 FREELIST GROUPS 1 BUFFER_POOL DEFAULT FLASH_CACHE DEFAULT CELL_FLASH_CACHE DEFAULT)
  TABLESPACE "SYSTEM"  ENABLE;
  ALTER TABLE "EVALUACIONES"."PREG_RESPUESTA" MODIFY ("ALTERNATIVA_ALT_CODIGO" NOT NULL ENABLE);
  ALTER TABLE "EVALUACIONES"."PREG_RESPUESTA" MODIFY ("PREGUNTA_PREG_CODIGO" NOT NULL ENABLE);
--------------------------------------------------------
--  Ref Constraints for Table ALUMNO
--------------------------------------------------------

  ALTER TABLE "EVALUACIONES"."ALUMNO" ADD CONSTRAINT "ALUMNO_CURSO_FK" FOREIGN KEY ("CURSO_CURSO_CODIGO")
	  REFERENCES "EVALUACIONES"."CURSO" ("CURSO_CODIGO") ENABLE;
--------------------------------------------------------
--  Ref Constraints for Table EVALUACION
--------------------------------------------------------

  ALTER TABLE "EVALUACIONES"."EVALUACION" ADD CONSTRAINT "R_ALUMNO_TEST_ALUMNO_FK" FOREIGN KEY ("ALUMNO_ALUMNO_CODIGO")
	  REFERENCES "EVALUACIONES"."ALUMNO" ("ALUMNO_CODIGO") ENABLE;
  ALTER TABLE "EVALUACIONES"."EVALUACION" ADD CONSTRAINT "R_ALUMNO_TEST_TEST_FK" FOREIGN KEY ("TEST_TEST_CODIGO")
	  REFERENCES "EVALUACIONES"."TEST" ("TEST_CODIGO") ENABLE;
--------------------------------------------------------
--  Ref Constraints for Table PREG_RESPUESTA
--------------------------------------------------------

  ALTER TABLE "EVALUACIONES"."PREG_RESPUESTA" ADD CONSTRAINT "PREG_RESPUESTA_ALTERNATIVA_FK" FOREIGN KEY ("ALTERNATIVA_ALT_CODIGO")
	  REFERENCES "EVALUACIONES"."ALTERNATIVA" ("ALT_CODIGO") ENABLE;
  ALTER TABLE "EVALUACIONES"."PREG_RESPUESTA" ADD CONSTRAINT "PREG_RESPUESTA_PREGUNTA_FK" FOREIGN KEY ("PREGUNTA_PREG_CODIGO")
	  REFERENCES "EVALUACIONES"."PREGUNTA" ("PREG_CODIGO") ENABLE;
--------------------------------------------------------
--  Ref Constraints for Table TEST_PREGUNTA
--------------------------------------------------------

  ALTER TABLE "EVALUACIONES"."TEST_PREGUNTA" ADD CONSTRAINT "TEST_PREGUNTA_PREGUNTA_FK" FOREIGN KEY ("PREGUNTA_PREG_CODIGO")
	  REFERENCES "EVALUACIONES"."PREGUNTA" ("PREG_CODIGO") ENABLE;
  ALTER TABLE "EVALUACIONES"."TEST_PREGUNTA" ADD CONSTRAINT "TEST_PREGUNTA_TEST_FK" FOREIGN KEY ("TEST_TEST_CODIGO")
	  REFERENCES "EVALUACIONES"."TEST" ("TEST_CODIGO") ENABLE;
